  CREATE TABLE `CURRICULUM_PLANUNG`.`DOZENT` 
   (	`IDDOZENT` int, 
	`NAME` VARCHAR(20), 
	`SWS_PRO_SEMESTER_PLAN` int, 
	`UEBERSTUNDEN` FLOAT
   ) ;

  CREATE TABLE `CURRICULUM_PLANUNG`.`STUDIENGANG` 
   (	`IDSTUDIENGANG` int, 
	`BEZEICHNUNG` VARCHAR(60), 
	`CREDITS` int, 
	`ANZABSCHLUSSARBEITEN_PA` FLOAT
   ) ;


  CREATE TABLE `CURRICULUM_PLANUNG`.`VERANSTALTUNG` 
   (	`IDVERANSTALTUNG` int, 
	`BEZEICHNUNG` VARCHAR(60), 
	`SWS` FLOAT, 
	`CREDITS` FLOAT, 
	`HAEUFIGKEIT_PA` int, 
	`FAKTOR_DOPPELUNG` int, 
	`SOMMER` CHAR, 
	`WPF` CHAR, 
	`KOSTEN_PA` FLOAT
   ) ;

ALTER TABLE `CURRICULUM_PLANUNG`.`VERANSTALTUNG` 
CHANGE COLUMN `BEZEICHNUNG` `BEZEICHNUNG` VARCHAR(60) NOT NULL ;


  CREATE TABLE `CURRICULUM_PLANUNG`.`VERTIEFUNG` 
   (	`IDVERTIEFUNG` int, 
	`BEZEICHNUNG` VARCHAR(20), 
	`IDSTUDIENGANG` int
   ) ;


  CREATE TABLE `CURRICULUM_PLANUNG`.`VERTIEFUNG_HAT_VERANSTALTUNG` 
   (	`IDVERTIEFUNG` int, 
	`IDVERANSTALTUNG` int, 
	`FACHSEMESTER` int
   ) ;

  CREATE TABLE `CURRICULUM_PLANUNG`.`ZUORDNUNG_DOZENT_VERANSTALTUNG` 
   (	`IDVERANSTALTUNG` int, 
	`IDDOZENT` int, 
	`ANTEIL_PROZENT` FLOAT
   ) ;



Insert into CURRICULUM_PLANUNG.DOZENT (IDDOZENT,NAME,SWS_PRO_SEMESTER_PLAN,UEBERSTUNDEN) values ('1','Bikker','12','0');
Insert into CURRICULUM_PLANUNG.DOZENT (IDDOZENT,NAME,SWS_PRO_SEMESTER_PLAN,UEBERSTUNDEN) values ('2','Gerndt','12','0');
Insert into CURRICULUM_PLANUNG.DOZENT (IDDOZENT,NAME,SWS_PRO_SEMESTER_PLAN,UEBERSTUNDEN) values ('3','Gharaei','12','0');
Insert into CURRICULUM_PLANUNG.DOZENT (IDDOZENT,NAME,SWS_PRO_SEMESTER_PLAN,UEBERSTUNDEN) values ('4','Gutenschwager','12','0');
Insert into CURRICULUM_PLANUNG.DOZENT (IDDOZENT,NAME,SWS_PRO_SEMESTER_PLAN,UEBERSTUNDEN) values ('5','Höppner','12','0');
Insert into CURRICULUM_PLANUNG.DOZENT (IDDOZENT,NAME,SWS_PRO_SEMESTER_PLAN,UEBERSTUNDEN) values ('6','Huhn','12','0');
Insert into CURRICULUM_PLANUNG.DOZENT (IDDOZENT,NAME,SWS_PRO_SEMESTER_PLAN,UEBERSTUNDEN) values ('7','Jensen','12','0');
Insert into CURRICULUM_PLANUNG.DOZENT (IDDOZENT,NAME,SWS_PRO_SEMESTER_PLAN,UEBERSTUNDEN) values ('8','Justen','12','0');
Insert into CURRICULUM_PLANUNG.DOZENT (IDDOZENT,NAME,SWS_PRO_SEMESTER_PLAN,UEBERSTUNDEN) values ('9','Kircher','12','0');
Insert into CURRICULUM_PLANUNG.DOZENT (IDDOZENT,NAME,SWS_PRO_SEMESTER_PLAN,UEBERSTUNDEN) values ('10','Klages','12','0');
Insert into CURRICULUM_PLANUNG.DOZENT (IDDOZENT,NAME,SWS_PRO_SEMESTER_PLAN,UEBERSTUNDEN) values ('11','Klawonn','12','0');
Insert into CURRICULUM_PLANUNG.DOZENT (IDDOZENT,NAME,SWS_PRO_SEMESTER_PLAN,UEBERSTUNDEN) values ('12','Kreyssig','12','0');
Insert into CURRICULUM_PLANUNG.DOZENT (IDDOZENT,NAME,SWS_PRO_SEMESTER_PLAN,UEBERSTUNDEN) values ('13','Ludwig','12','0');
Insert into CURRICULUM_PLANUNG.DOZENT (IDDOZENT,NAME,SWS_PRO_SEMESTER_PLAN,UEBERSTUNDEN) values ('14','Meiners','12','0');
Insert into CURRICULUM_PLANUNG.DOZENT (IDDOZENT,NAME,SWS_PRO_SEMESTER_PLAN,UEBERSTUNDEN) values ('15','Müller','12','0');
Insert into CURRICULUM_PLANUNG.DOZENT (IDDOZENT,NAME,SWS_PRO_SEMESTER_PLAN,UEBERSTUNDEN) values ('16','Pekrun','12','0');
Insert into CURRICULUM_PLANUNG.DOZENT (IDDOZENT,NAME,SWS_PRO_SEMESTER_PLAN,UEBERSTUNDEN) values ('17','Rieger','12','0');
Insert into CURRICULUM_PLANUNG.DOZENT (IDDOZENT,NAME,SWS_PRO_SEMESTER_PLAN,UEBERSTUNDEN) values ('18','Riegler','12','0');
Insert into CURRICULUM_PLANUNG.DOZENT (IDDOZENT,NAME,SWS_PRO_SEMESTER_PLAN,UEBERSTUNDEN) values ('19','Sander','12','0');
Insert into CURRICULUM_PLANUNG.DOZENT (IDDOZENT,NAME,SWS_PRO_SEMESTER_PLAN,UEBERSTUNDEN) values ('20','Schiering','12','0');
Insert into CURRICULUM_PLANUNG.DOZENT (IDDOZENT,NAME,SWS_PRO_SEMESTER_PLAN,UEBERSTUNDEN) values ('21','Seutter','12','0');
Insert into CURRICULUM_PLANUNG.DOZENT (IDDOZENT,NAME,SWS_PRO_SEMESTER_PLAN,UEBERSTUNDEN) values ('22','Weimar','12','0');
Insert into CURRICULUM_PLANUNG.DOZENT (IDDOZENT,NAME,SWS_PRO_SEMESTER_PLAN,UEBERSTUNDEN) values ('23','N.N. (TI)','12','0');
Insert into CURRICULUM_PLANUNG.DOZENT (IDDOZENT,NAME,SWS_PRO_SEMESTER_PLAN,UEBERSTUNDEN) values ('24','N.N. (Nf Lie)','12','0');
Insert into CURRICULUM_PLANUNG.DOZENT (IDDOZENT,NAME,SWS_PRO_SEMESTER_PLAN,UEBERSTUNDEN) values ('25','N.N. (LfbA 50%)','12','0');
Insert into CURRICULUM_PLANUNG.DOZENT (IDDOZENT,NAME,SWS_PRO_SEMESTER_PLAN,UEBERSTUNDEN) values ('27','Lehrbeauftragte','30','0');
Insert into CURRICULUM_PLANUNG.DOZENT (IDDOZENT,NAME,SWS_PRO_SEMESTER_PLAN,UEBERSTUNDEN) values ('26','WOB','30','0');

Insert into CURRICULUM_PLANUNG.STUDIENGANG (IDSTUDIENGANG,BEZEICHNUNG,CREDITS,ANZABSCHLUSSARBEITEN_PA) values ('1','Informatik B.Sc. (Präsenz)',null,null);
Insert into CURRICULUM_PLANUNG.STUDIENGANG (IDSTUDIENGANG,BEZEICHNUNG,CREDITS,ANZABSCHLUSSARBEITEN_PA) values ('2','Informatik im Praxisverbund B.Sc. (Präsenz)',null,null);
Insert into CURRICULUM_PLANUNG.STUDIENGANG (IDSTUDIENGANG,BEZEICHNUNG,CREDITS,ANZABSCHLUSSARBEITEN_PA) values ('3','Wirtschaftsinformatik B.Sc. (Präsenz)',null,null);
Insert into CURRICULUM_PLANUNG.STUDIENGANG (IDSTUDIENGANG,BEZEICHNUNG,CREDITS,ANZABSCHLUSSARBEITEN_PA) values ('5','Informatik M.Sc. (Präsenz)',null,null);
Insert into CURRICULUM_PLANUNG.STUDIENGANG (IDSTUDIENGANG,BEZEICHNUNG,CREDITS,ANZABSCHLUSSARBEITEN_PA) values ('6','Medieninformatik B.Sc. (Online)',null,null);
Insert into CURRICULUM_PLANUNG.STUDIENGANG (IDSTUDIENGANG,BEZEICHNUNG,CREDITS,ANZABSCHLUSSARBEITEN_PA) values ('7','Wirtschaftsinformatik B.Sc. (Online)',null,null);
Insert into CURRICULUM_PLANUNG.STUDIENGANG (IDSTUDIENGANG,BEZEICHNUNG,CREDITS,ANZABSCHLUSSARBEITEN_PA) values ('8','Medieninformatik M.Sc. (Online)',null,null);
Insert into CURRICULUM_PLANUNG.STUDIENGANG (IDSTUDIENGANG,BEZEICHNUNG,CREDITS,ANZABSCHLUSSARBEITEN_PA) values ('9','Wirtschaftsinformatik M.Sc. (Online)',null,null);
Insert into CURRICULUM_PLANUNG.STUDIENGANG (IDSTUDIENGANG,BEZEICHNUNG,CREDITS,ANZABSCHLUSSARBEITEN_PA) values ('4','Wirtschaftsinformatik im Praxisverbund B.Sc. (Präsenz)',null,null);

Insert into CURRICULUM_PLANUNG.VERANSTALTUNG (IDVERANSTALTUNG,BEZEICHNUNG,SWS,CREDITS,HAEUFIGKEIT_PA,FAKTOR_DOPPELUNG,SOMMER,WPF,KOSTEN_PA) values ('1003','Grundlagen des Programmierens','8','10','2','2','1',null,'32');
Insert into CURRICULUM_PLANUNG.VERANSTALTUNG (IDVERANSTALTUNG,BEZEICHNUNG,SWS,CREDITS,HAEUFIGKEIT_PA,FAKTOR_DOPPELUNG,SOMMER,WPF,KOSTEN_PA) values ('1004','Einf. und Kompetenzen für die Informatik','4','5','2','1','1',null,'8');
Insert into CURRICULUM_PLANUNG.VERANSTALTUNG (IDVERANSTALTUNG,BEZEICHNUNG,SWS,CREDITS,HAEUFIGKEIT_PA,FAKTOR_DOPPELUNG,SOMMER,WPF,KOSTEN_PA) values ('1005','Business English','4','5','2','0','1',null,'0');
Insert into CURRICULUM_PLANUNG.VERANSTALTUNG (IDVERANSTALTUNG,BEZEICHNUNG,SWS,CREDITS,HAEUFIGKEIT_PA,FAKTOR_DOPPELUNG,SOMMER,WPF,KOSTEN_PA) values ('1006','Mathematik für die Informatik','4','5','2','1','1',null,'8');
Insert into CURRICULUM_PLANUNG.VERANSTALTUNG (IDVERANSTALTUNG,BEZEICHNUNG,SWS,CREDITS,HAEUFIGKEIT_PA,FAKTOR_DOPPELUNG,SOMMER,WPF,KOSTEN_PA) values ('1007','Rechnerstrukturen','4','5','2','2','1',null,'16');
Insert into CURRICULUM_PLANUNG.VERANSTALTUNG (IDVERANSTALTUNG,BEZEICHNUNG,SWS,CREDITS,HAEUFIGKEIT_PA,FAKTOR_DOPPELUNG,SOMMER,WPF,KOSTEN_PA) values ('1008','Programmieren','4','5','2','2','1',null,'16');
Insert into CURRICULUM_PLANUNG.VERANSTALTUNG (IDVERANSTALTUNG,BEZEICHNUNG,SWS,CREDITS,HAEUFIGKEIT_PA,FAKTOR_DOPPELUNG,SOMMER,WPF,KOSTEN_PA) values ('1009','Algorithmen und Datenstrukturen','4','5','2','2','1',null,'16');
Insert into CURRICULUM_PLANUNG.VERANSTALTUNG (IDVERANSTALTUNG,BEZEICHNUNG,SWS,CREDITS,HAEUFIGKEIT_PA,FAKTOR_DOPPELUNG,SOMMER,WPF,KOSTEN_PA) values ('1010','Rhetorik und wissenschaftliches Arbeiten','4','5','2','0','1',null,'0');
Insert into CURRICULUM_PLANUNG.VERANSTALTUNG (IDVERANSTALTUNG,BEZEICHNUNG,SWS,CREDITS,HAEUFIGKEIT_PA,FAKTOR_DOPPELUNG,SOMMER,WPF,KOSTEN_PA) values ('1011','Grundlagen der Gestaltung','4','5','2','0','1',null,'0');
Insert into CURRICULUM_PLANUNG.VERANSTALTUNG (IDVERANSTALTUNG,BEZEICHNUNG,SWS,CREDITS,HAEUFIGKEIT_PA,FAKTOR_DOPPELUNG,SOMMER,WPF,KOSTEN_PA) values ('1012','Sensor-Aktor-Systeme','4','5','1','1','0',null,'4');
Insert into CURRICULUM_PLANUNG.VERANSTALTUNG (IDVERANSTALTUNG,BEZEICHNUNG,SWS,CREDITS,HAEUFIGKEIT_PA,FAKTOR_DOPPELUNG,SOMMER,WPF,KOSTEN_PA) values ('1013','Signale und Systeme','4','5','1','1','1',null,'4');
Insert into CURRICULUM_PLANUNG.VERANSTALTUNG (IDVERANSTALTUNG,BEZEICHNUNG,SWS,CREDITS,HAEUFIGKEIT_PA,FAKTOR_DOPPELUNG,SOMMER,WPF,KOSTEN_PA) values ('1014','Statistik','4','5','1','1','1',null,'4');
Insert into CURRICULUM_PLANUNG.VERANSTALTUNG (IDVERANSTALTUNG,BEZEICHNUNG,SWS,CREDITS,HAEUFIGKEIT_PA,FAKTOR_DOPPELUNG,SOMMER,WPF,KOSTEN_PA) values ('1015','Modellierung UML und BPMN','4','5','2','1','1',null,'8');
Insert into CURRICULUM_PLANUNG.VERANSTALTUNG (IDVERANSTALTUNG,BEZEICHNUNG,SWS,CREDITS,HAEUFIGKEIT_PA,FAKTOR_DOPPELUNG,SOMMER,WPF,KOSTEN_PA) values ('1016','Computermathematik','4','5','2','1','1',null,'8');
Insert into CURRICULUM_PLANUNG.VERANSTALTUNG (IDVERANSTALTUNG,BEZEICHNUNG,SWS,CREDITS,HAEUFIGKEIT_PA,FAKTOR_DOPPELUNG,SOMMER,WPF,KOSTEN_PA) values ('1017','Betriebssysteme und Rechnernetze','4','5','2','1','1',null,'8');
Insert into CURRICULUM_PLANUNG.VERANSTALTUNG (IDVERANSTALTUNG,BEZEICHNUNG,SWS,CREDITS,HAEUFIGKEIT_PA,FAKTOR_DOPPELUNG,SOMMER,WPF,KOSTEN_PA) values ('1018','Software Engineering','4','5','2','1','1',null,'8');
Insert into CURRICULUM_PLANUNG.VERANSTALTUNG (IDVERANSTALTUNG,BEZEICHNUNG,SWS,CREDITS,HAEUFIGKEIT_PA,FAKTOR_DOPPELUNG,SOMMER,WPF,KOSTEN_PA) values ('1019','Datenbanken','4','5','2','1','1',null,'8');
Insert into CURRICULUM_PLANUNG.VERANSTALTUNG (IDVERANSTALTUNG,BEZEICHNUNG,SWS,CREDITS,HAEUFIGKEIT_PA,FAKTOR_DOPPELUNG,SOMMER,WPF,KOSTEN_PA) values ('1020','Theoretische Informatik','4','5','2','1','1',null,'8');
Insert into CURRICULUM_PLANUNG.VERANSTALTUNG (IDVERANSTALTUNG,BEZEICHNUNG,SWS,CREDITS,HAEUFIGKEIT_PA,FAKTOR_DOPPELUNG,SOMMER,WPF,KOSTEN_PA) values ('1021','Weitere Programmiersprache','4','5','2','1','1',null,'8');
Insert into CURRICULUM_PLANUNG.VERANSTALTUNG (IDVERANSTALTUNG,BEZEICHNUNG,SWS,CREDITS,HAEUFIGKEIT_PA,FAKTOR_DOPPELUNG,SOMMER,WPF,KOSTEN_PA) values ('1022','Mediendesign','4','5','2','0','1',null,'0');
Insert into CURRICULUM_PLANUNG.VERANSTALTUNG (IDVERANSTALTUNG,BEZEICHNUNG,SWS,CREDITS,HAEUFIGKEIT_PA,FAKTOR_DOPPELUNG,SOMMER,WPF,KOSTEN_PA) values ('1023','Prozessrechentechnik','4','5','1','1','0',null,'4');
Insert into CURRICULUM_PLANUNG.VERANSTALTUNG (IDVERANSTALTUNG,BEZEICHNUNG,SWS,CREDITS,HAEUFIGKEIT_PA,FAKTOR_DOPPELUNG,SOMMER,WPF,KOSTEN_PA) values ('1024','Sys/ML','4','5','1','1','0',null,'4');
Insert into CURRICULUM_PLANUNG.VERANSTALTUNG (IDVERANSTALTUNG,BEZEICHNUNG,SWS,CREDITS,HAEUFIGKEIT_PA,FAKTOR_DOPPELUNG,SOMMER,WPF,KOSTEN_PA) values ('1025','Programmieren in C','4','5','2','1','1',null,'8');
Insert into CURRICULUM_PLANUNG.VERANSTALTUNG (IDVERANSTALTUNG,BEZEICHNUNG,SWS,CREDITS,HAEUFIGKEIT_PA,FAKTOR_DOPPELUNG,SOMMER,WPF,KOSTEN_PA) values ('1026','Teamprojekt','4','5','2','1','1',null,'8');
Insert into CURRICULUM_PLANUNG.VERANSTALTUNG (IDVERANSTALTUNG,BEZEICHNUNG,SWS,CREDITS,HAEUFIGKEIT_PA,FAKTOR_DOPPELUNG,SOMMER,WPF,KOSTEN_PA) values ('1027','Seminar','4','5','2','1','1',null,'8');
Insert into CURRICULUM_PLANUNG.VERANSTALTUNG (IDVERANSTALTUNG,BEZEICHNUNG,SWS,CREDITS,HAEUFIGKEIT_PA,FAKTOR_DOPPELUNG,SOMMER,WPF,KOSTEN_PA) values ('1028','Datenanalyse','4','5','1','1','1',null,'4');
Insert into CURRICULUM_PLANUNG.VERANSTALTUNG (IDVERANSTALTUNG,BEZEICHNUNG,SWS,CREDITS,HAEUFIGKEIT_PA,FAKTOR_DOPPELUNG,SOMMER,WPF,KOSTEN_PA) values ('1029','Projekt Datenanalyse','4','5','1','1','1',null,'4');
Insert into CURRICULUM_PLANUNG.VERANSTALTUNG (IDVERANSTALTUNG,BEZEICHNUNG,SWS,CREDITS,HAEUFIGKEIT_PA,FAKTOR_DOPPELUNG,SOMMER,WPF,KOSTEN_PA) values ('1030','Software Engineering Projekt','4','5','1','1','1',null,'4');
Insert into CURRICULUM_PLANUNG.VERANSTALTUNG (IDVERANSTALTUNG,BEZEICHNUNG,SWS,CREDITS,HAEUFIGKEIT_PA,FAKTOR_DOPPELUNG,SOMMER,WPF,KOSTEN_PA) values ('1031','Mensch-Computer-Interaktion','4','5','1','1','1',null,'4');
Insert into CURRICULUM_PLANUNG.VERANSTALTUNG (IDVERANSTALTUNG,BEZEICHNUNG,SWS,CREDITS,HAEUFIGKEIT_PA,FAKTOR_DOPPELUNG,SOMMER,WPF,KOSTEN_PA) values ('1032','Technische Modellierung','4','5','1','1','1',null,'4');
Insert into CURRICULUM_PLANUNG.VERANSTALTUNG (IDVERANSTALTUNG,BEZEICHNUNG,SWS,CREDITS,HAEUFIGKEIT_PA,FAKTOR_DOPPELUNG,SOMMER,WPF,KOSTEN_PA) values ('1033','Embedded Toolchain','4','5','1','1','1',null,'4');
Insert into CURRICULUM_PLANUNG.VERANSTALTUNG (IDVERANSTALTUNG,BEZEICHNUNG,SWS,CREDITS,HAEUFIGKEIT_PA,FAKTOR_DOPPELUNG,SOMMER,WPF,KOSTEN_PA) values ('1034','Systemmodellierungssprachen','4','5','1','1','1',null,'4');
Insert into CURRICULUM_PLANUNG.VERANSTALTUNG (IDVERANSTALTUNG,BEZEICHNUNG,SWS,CREDITS,HAEUFIGKEIT_PA,FAKTOR_DOPPELUNG,SOMMER,WPF,KOSTEN_PA) values ('1035','Modellbasierte Codegenerierung','4','5','1','1','1',null,'4');
Insert into CURRICULUM_PLANUNG.VERANSTALTUNG (IDVERANSTALTUNG,BEZEICHNUNG,SWS,CREDITS,HAEUFIGKEIT_PA,FAKTOR_DOPPELUNG,SOMMER,WPF,KOSTEN_PA) values ('1036','Business Information und Planning Systems','4','5','1','1','1',null,'4');
Insert into CURRICULUM_PLANUNG.VERANSTALTUNG (IDVERANSTALTUNG,BEZEICHNUNG,SWS,CREDITS,HAEUFIGKEIT_PA,FAKTOR_DOPPELUNG,SOMMER,WPF,KOSTEN_PA) values ('1037','Data Warehouse','4','5','1','1','0',null,'4');
Insert into CURRICULUM_PLANUNG.VERANSTALTUNG (IDVERANSTALTUNG,BEZEICHNUNG,SWS,CREDITS,HAEUFIGKEIT_PA,FAKTOR_DOPPELUNG,SOMMER,WPF,KOSTEN_PA) values ('1038','Wissensmanagement','4','5','1','1','0',null,'4');
Insert into CURRICULUM_PLANUNG.VERANSTALTUNG (IDVERANSTALTUNG,BEZEICHNUNG,SWS,CREDITS,HAEUFIGKEIT_PA,FAKTOR_DOPPELUNG,SOMMER,WPF,KOSTEN_PA) values ('1039','Fortgeschrittene Themen SE','4','5','1','1','0',null,'4');
Insert into CURRICULUM_PLANUNG.VERANSTALTUNG (IDVERANSTALTUNG,BEZEICHNUNG,SWS,CREDITS,HAEUFIGKEIT_PA,FAKTOR_DOPPELUNG,SOMMER,WPF,KOSTEN_PA) values ('1040','Qualitätssicherung und Testen','4','5','1','1','0',null,'4');
Insert into CURRICULUM_PLANUNG.VERANSTALTUNG (IDVERANSTALTUNG,BEZEICHNUNG,SWS,CREDITS,HAEUFIGKEIT_PA,FAKTOR_DOPPELUNG,SOMMER,WPF,KOSTEN_PA) values ('1041','Sicherheit und Betrieb von SW-Sys.','4','5','1','1','0',null,'4');
Insert into CURRICULUM_PLANUNG.VERANSTALTUNG (IDVERANSTALTUNG,BEZEICHNUNG,SWS,CREDITS,HAEUFIGKEIT_PA,FAKTOR_DOPPELUNG,SOMMER,WPF,KOSTEN_PA) values ('1042','Web-Programmierung','4','5','1','1','0',null,'4');
Insert into CURRICULUM_PLANUNG.VERANSTALTUNG (IDVERANSTALTUNG,BEZEICHNUNG,SWS,CREDITS,HAEUFIGKEIT_PA,FAKTOR_DOPPELUNG,SOMMER,WPF,KOSTEN_PA) values ('1043','Audio-/Video-Design','4','5','1','1','0',null,'4');
Insert into CURRICULUM_PLANUNG.VERANSTALTUNG (IDVERANSTALTUNG,BEZEICHNUNG,SWS,CREDITS,HAEUFIGKEIT_PA,FAKTOR_DOPPELUNG,SOMMER,WPF,KOSTEN_PA) values ('1044','Mixed Reality','4','5','1','1','0',null,'4');
Insert into CURRICULUM_PLANUNG.VERANSTALTUNG (IDVERANSTALTUNG,BEZEICHNUNG,SWS,CREDITS,HAEUFIGKEIT_PA,FAKTOR_DOPPELUNG,SOMMER,WPF,KOSTEN_PA) values ('1045','Systems on Chip','4','5','1','1','0',null,'4');
Insert into CURRICULUM_PLANUNG.VERANSTALTUNG (IDVERANSTALTUNG,BEZEICHNUNG,SWS,CREDITS,HAEUFIGKEIT_PA,FAKTOR_DOPPELUNG,SOMMER,WPF,KOSTEN_PA) values ('1046','Embedded Systems Labor','4','5','1','1','0',null,'4');
Insert into CURRICULUM_PLANUNG.VERANSTALTUNG (IDVERANSTALTUNG,BEZEICHNUNG,SWS,CREDITS,HAEUFIGKEIT_PA,FAKTOR_DOPPELUNG,SOMMER,WPF,KOSTEN_PA) values ('1047','Vernetzte Systeme','4','5','1','1','0',null,'4');
Insert into CURRICULUM_PLANUNG.VERANSTALTUNG (IDVERANSTALTUNG,BEZEICHNUNG,SWS,CREDITS,HAEUFIGKEIT_PA,FAKTOR_DOPPELUNG,SOMMER,WPF,KOSTEN_PA) values ('1048','Qualität und Zuverlässigkeit','4','5','1','1','0',null,'4');
Insert into CURRICULUM_PLANUNG.VERANSTALTUNG (IDVERANSTALTUNG,BEZEICHNUNG,SWS,CREDITS,HAEUFIGKEIT_PA,FAKTOR_DOPPELUNG,SOMMER,WPF,KOSTEN_PA) values ('1049','Test und Requirement Management','4','5','1','1','0',null,'4');
Insert into CURRICULUM_PLANUNG.VERANSTALTUNG (IDVERANSTALTUNG,BEZEICHNUNG,SWS,CREDITS,HAEUFIGKEIT_PA,FAKTOR_DOPPELUNG,SOMMER,WPF,KOSTEN_PA) values ('1050','Grundlagen BWL/VWL','4','5','1','0','0',null,'0');
Insert into CURRICULUM_PLANUNG.VERANSTALTUNG (IDVERANSTALTUNG,BEZEICHNUNG,SWS,CREDITS,HAEUFIGKEIT_PA,FAKTOR_DOPPELUNG,SOMMER,WPF,KOSTEN_PA) values ('1051','Rechnungswesen und Finanzierung','4','5','1','0','1',null,'0');
Insert into CURRICULUM_PLANUNG.VERANSTALTUNG (IDVERANSTALTUNG,BEZEICHNUNG,SWS,CREDITS,HAEUFIGKEIT_PA,FAKTOR_DOPPELUNG,SOMMER,WPF,KOSTEN_PA) values ('1052','Geschäftsprozessmodellierung','4','5','1','1','1',null,'4');
Insert into CURRICULUM_PLANUNG.VERANSTALTUNG (IDVERANSTALTUNG,BEZEICHNUNG,SWS,CREDITS,HAEUFIGKEIT_PA,FAKTOR_DOPPELUNG,SOMMER,WPF,KOSTEN_PA) values ('1053','Projektmanagement','4','5','1','1','1',null,'4');
Insert into CURRICULUM_PLANUNG.VERANSTALTUNG (IDVERANSTALTUNG,BEZEICHNUNG,SWS,CREDITS,HAEUFIGKEIT_PA,FAKTOR_DOPPELUNG,SOMMER,WPF,KOSTEN_PA) values ('1054','Einführung in die Wirtschaftsinformatik','4','5','1','1','0',null,'4');
Insert into CURRICULUM_PLANUNG.VERANSTALTUNG (IDVERANSTALTUNG,BEZEICHNUNG,SWS,CREDITS,HAEUFIGKEIT_PA,FAKTOR_DOPPELUNG,SOMMER,WPF,KOSTEN_PA) values ('1055','Operations Research','4','5','1','0','0',null,'0');
Insert into CURRICULUM_PLANUNG.VERANSTALTUNG (IDVERANSTALTUNG,BEZEICHNUNG,SWS,CREDITS,HAEUFIGKEIT_PA,FAKTOR_DOPPELUNG,SOMMER,WPF,KOSTEN_PA) values ('1056','Produktion','4','5','1','0','0',null,'0');
Insert into CURRICULUM_PLANUNG.VERANSTALTUNG (IDVERANSTALTUNG,BEZEICHNUNG,SWS,CREDITS,HAEUFIGKEIT_PA,FAKTOR_DOPPELUNG,SOMMER,WPF,KOSTEN_PA) values ('1057','Wirtschaftsrecht','4','5','1','0','1',null,'0');
Insert into CURRICULUM_PLANUNG.VERANSTALTUNG (IDVERANSTALTUNG,BEZEICHNUNG,SWS,CREDITS,HAEUFIGKEIT_PA,FAKTOR_DOPPELUNG,SOMMER,WPF,KOSTEN_PA) values ('1058','Controlling','4','5','1','0','1',null,'0');
Insert into CURRICULUM_PLANUNG.VERANSTALTUNG (IDVERANSTALTUNG,BEZEICHNUNG,SWS,CREDITS,HAEUFIGKEIT_PA,FAKTOR_DOPPELUNG,SOMMER,WPF,KOSTEN_PA) values ('1059','Business Intelligence','4','5','1','1','1',null,'4');
Insert into CURRICULUM_PLANUNG.VERANSTALTUNG (IDVERANSTALTUNG,BEZEICHNUNG,SWS,CREDITS,HAEUFIGKEIT_PA,FAKTOR_DOPPELUNG,SOMMER,WPF,KOSTEN_PA) values ('1060','Prozess- und Projektmanagement','4','5','1','0','0',null,'0');
Insert into CURRICULUM_PLANUNG.VERANSTALTUNG (IDVERANSTALTUNG,BEZEICHNUNG,SWS,CREDITS,HAEUFIGKEIT_PA,FAKTOR_DOPPELUNG,SOMMER,WPF,KOSTEN_PA) values ('1061','Simulation in Produktion und Logistik','4','5','1','1','0',null,'4');
Insert into CURRICULUM_PLANUNG.VERANSTALTUNG (IDVERANSTALTUNG,BEZEICHNUNG,SWS,CREDITS,HAEUFIGKEIT_PA,FAKTOR_DOPPELUNG,SOMMER,WPF,KOSTEN_PA) values ('1062','Marketing','4','5','1','0','0',null,'0');
Insert into CURRICULUM_PLANUNG.VERANSTALTUNG (IDVERANSTALTUNG,BEZEICHNUNG,SWS,CREDITS,HAEUFIGKEIT_PA,FAKTOR_DOPPELUNG,SOMMER,WPF,KOSTEN_PA) values ('1063','WPF 1','4','5','1','1','0',null,'4');
Insert into CURRICULUM_PLANUNG.VERANSTALTUNG (IDVERANSTALTUNG,BEZEICHNUNG,SWS,CREDITS,HAEUFIGKEIT_PA,FAKTOR_DOPPELUNG,SOMMER,WPF,KOSTEN_PA) values ('1064','WPF 2','4','5','1','1','0',null,'4');
Insert into CURRICULUM_PLANUNG.VERANSTALTUNG (IDVERANSTALTUNG,BEZEICHNUNG,SWS,CREDITS,HAEUFIGKEIT_PA,FAKTOR_DOPPELUNG,SOMMER,WPF,KOSTEN_PA) values ('1065','WPF 3','4','5','1','1','0',null,'4');
Insert into CURRICULUM_PLANUNG.VERANSTALTUNG (IDVERANSTALTUNG,BEZEICHNUNG,SWS,CREDITS,HAEUFIGKEIT_PA,FAKTOR_DOPPELUNG,SOMMER,WPF,KOSTEN_PA) values ('1066','WPF 4','4','5','1','1','0',null,'4');
Insert into CURRICULUM_PLANUNG.VERANSTALTUNG (IDVERANSTALTUNG,BEZEICHNUNG,SWS,CREDITS,HAEUFIGKEIT_PA,FAKTOR_DOPPELUNG,SOMMER,WPF,KOSTEN_PA) values ('1067','WPF 5','4','5','1','1','0',null,'4');
Insert into CURRICULUM_PLANUNG.VERANSTALTUNG (IDVERANSTALTUNG,BEZEICHNUNG,SWS,CREDITS,HAEUFIGKEIT_PA,FAKTOR_DOPPELUNG,SOMMER,WPF,KOSTEN_PA) values ('1068','WPF 6','4','5','1','1','0',null,'4');
Insert into CURRICULUM_PLANUNG.VERANSTALTUNG (IDVERANSTALTUNG,BEZEICHNUNG,SWS,CREDITS,HAEUFIGKEIT_PA,FAKTOR_DOPPELUNG,SOMMER,WPF,KOSTEN_PA) values ('1069','WPF 7','4','5','1','1','0',null,'4');
Insert into CURRICULUM_PLANUNG.VERANSTALTUNG (IDVERANSTALTUNG,BEZEICHNUNG,SWS,CREDITS,HAEUFIGKEIT_PA,FAKTOR_DOPPELUNG,SOMMER,WPF,KOSTEN_PA) values ('1070','WPF 8','4','5','1','1','0',null,'4');
Insert into CURRICULUM_PLANUNG.VERANSTALTUNG (IDVERANSTALTUNG,BEZEICHNUNG,SWS,CREDITS,HAEUFIGKEIT_PA,FAKTOR_DOPPELUNG,SOMMER,WPF,KOSTEN_PA) values ('1071','WPF 9','4','5','1','1','1',null,'4');
Insert into CURRICULUM_PLANUNG.VERANSTALTUNG (IDVERANSTALTUNG,BEZEICHNUNG,SWS,CREDITS,HAEUFIGKEIT_PA,FAKTOR_DOPPELUNG,SOMMER,WPF,KOSTEN_PA) values ('1072','WPF 10','4','5','1','1','1',null,'4');
Insert into CURRICULUM_PLANUNG.VERANSTALTUNG (IDVERANSTALTUNG,BEZEICHNUNG,SWS,CREDITS,HAEUFIGKEIT_PA,FAKTOR_DOPPELUNG,SOMMER,WPF,KOSTEN_PA) values ('1073','WPF 11','4','5','1','1','1',null,'4');
Insert into CURRICULUM_PLANUNG.VERANSTALTUNG (IDVERANSTALTUNG,BEZEICHNUNG,SWS,CREDITS,HAEUFIGKEIT_PA,FAKTOR_DOPPELUNG,SOMMER,WPF,KOSTEN_PA) values ('1074','WPF 12','4','5','1','1','1',null,'4');
Insert into CURRICULUM_PLANUNG.VERANSTALTUNG (IDVERANSTALTUNG,BEZEICHNUNG,SWS,CREDITS,HAEUFIGKEIT_PA,FAKTOR_DOPPELUNG,SOMMER,WPF,KOSTEN_PA) values ('1075','WPF 13','4','5','1','1','1',null,'4');
Insert into CURRICULUM_PLANUNG.VERANSTALTUNG (IDVERANSTALTUNG,BEZEICHNUNG,SWS,CREDITS,HAEUFIGKEIT_PA,FAKTOR_DOPPELUNG,SOMMER,WPF,KOSTEN_PA) values ('1076','WPF 14','4','5','1','1','1',null,'4');
Insert into CURRICULUM_PLANUNG.VERANSTALTUNG (IDVERANSTALTUNG,BEZEICHNUNG,SWS,CREDITS,HAEUFIGKEIT_PA,FAKTOR_DOPPELUNG,SOMMER,WPF,KOSTEN_PA) values ('1077','WPF 15','4','5','1','1','1',null,'4');
Insert into CURRICULUM_PLANUNG.VERANSTALTUNG (IDVERANSTALTUNG,BEZEICHNUNG,SWS,CREDITS,HAEUFIGKEIT_PA,FAKTOR_DOPPELUNG,SOMMER,WPF,KOSTEN_PA) values ('1078','WPF 16','4','5','1','1','1',null,'4');
Insert into CURRICULUM_PLANUNG.VERANSTALTUNG (IDVERANSTALTUNG,BEZEICHNUNG,SWS,CREDITS,HAEUFIGKEIT_PA,FAKTOR_DOPPELUNG,SOMMER,WPF,KOSTEN_PA) values ('1079','WPF 17','4','5','1','1','0',null,'4');
Insert into CURRICULUM_PLANUNG.VERANSTALTUNG (IDVERANSTALTUNG,BEZEICHNUNG,SWS,CREDITS,HAEUFIGKEIT_PA,FAKTOR_DOPPELUNG,SOMMER,WPF,KOSTEN_PA) values ('1080','WPF 18','4','5','1','1','0',null,'4');
Insert into CURRICULUM_PLANUNG.VERANSTALTUNG (IDVERANSTALTUNG,BEZEICHNUNG,SWS,CREDITS,HAEUFIGKEIT_PA,FAKTOR_DOPPELUNG,SOMMER,WPF,KOSTEN_PA) values ('1081','WPF 19','4','5','1','1','0',null,'4');
Insert into CURRICULUM_PLANUNG.VERANSTALTUNG (IDVERANSTALTUNG,BEZEICHNUNG,SWS,CREDITS,HAEUFIGKEIT_PA,FAKTOR_DOPPELUNG,SOMMER,WPF,KOSTEN_PA) values ('1082','WPF 20','4','5','1','1','0',null,'4');
Insert into CURRICULUM_PLANUNG.VERANSTALTUNG (IDVERANSTALTUNG,BEZEICHNUNG,SWS,CREDITS,HAEUFIGKEIT_PA,FAKTOR_DOPPELUNG,SOMMER,WPF,KOSTEN_PA) values ('1083','WPF 21','4','5','1','1','1',null,'4');
Insert into CURRICULUM_PLANUNG.VERANSTALTUNG (IDVERANSTALTUNG,BEZEICHNUNG,SWS,CREDITS,HAEUFIGKEIT_PA,FAKTOR_DOPPELUNG,SOMMER,WPF,KOSTEN_PA) values ('1084','WPF 22','4','5','1','1','1',null,'4');
Insert into CURRICULUM_PLANUNG.VERANSTALTUNG (IDVERANSTALTUNG,BEZEICHNUNG,SWS,CREDITS,HAEUFIGKEIT_PA,FAKTOR_DOPPELUNG,SOMMER,WPF,KOSTEN_PA) values ('1085','WPF 23','4','5','1','1','1',null,'4');
Insert into CURRICULUM_PLANUNG.VERANSTALTUNG (IDVERANSTALTUNG,BEZEICHNUNG,SWS,CREDITS,HAEUFIGKEIT_PA,FAKTOR_DOPPELUNG,SOMMER,WPF,KOSTEN_PA) values ('1086','WPF 24','4','5','1','1','1',null,'4');
Insert into CURRICULUM_PLANUNG.VERANSTALTUNG (IDVERANSTALTUNG,BEZEICHNUNG,SWS,CREDITS,HAEUFIGKEIT_PA,FAKTOR_DOPPELUNG,SOMMER,WPF,KOSTEN_PA) values ('1087','Seminar','0.15','5','1','25','0',null,'3,75');
Insert into CURRICULUM_PLANUNG.VERANSTALTUNG (IDVERANSTALTUNG,BEZEICHNUNG,SWS,CREDITS,HAEUFIGKEIT_PA,FAKTOR_DOPPELUNG,SOMMER,WPF,KOSTEN_PA) values ('1088','Projekt','0.15','5','1','25','1',null,'3,75');
Insert into CURRICULUM_PLANUNG.VERANSTALTUNG (IDVERANSTALTUNG,BEZEICHNUNG,SWS,CREDITS,HAEUFIGKEIT_PA,FAKTOR_DOPPELUNG,SOMMER,WPF,KOSTEN_PA) values ('1001','Diskrete Strukturen','4','5','2','2','1',null,'16');
Insert into CURRICULUM_PLANUNG.VERANSTALTUNG (IDVERANSTALTUNG,BEZEICHNUNG,SWS,CREDITS,HAEUFIGKEIT_PA,FAKTOR_DOPPELUNG,SOMMER,WPF,KOSTEN_PA) values ('1002','Technische Grundlagen der Informatik','4','5','2','2','1',null,'16');

Insert into CURRICULUM_PLANUNG.VERTIEFUNG (IDVERTIEFUNG,BEZEICHNUNG,IDSTUDIENGANG) values ('5','Medieninf.','1');
Insert into CURRICULUM_PLANUNG.VERTIEFUNG (IDVERTIEFUNG,BEZEICHNUNG,IDSTUDIENGANG) values ('4','Computer Eng.','1');
Insert into CURRICULUM_PLANUNG.VERTIEFUNG (IDVERTIEFUNG,BEZEICHNUNG,IDSTUDIENGANG) values ('3','System Eng.','1');
Insert into CURRICULUM_PLANUNG.VERTIEFUNG (IDVERTIEFUNG,BEZEICHNUNG,IDSTUDIENGANG) values ('2','Information Eng.','1');
Insert into CURRICULUM_PLANUNG.VERTIEFUNG (IDVERTIEFUNG,BEZEICHNUNG,IDSTUDIENGANG) values ('1','Software Eng.','1');
Insert into CURRICULUM_PLANUNG.VERTIEFUNG (IDVERTIEFUNG,BEZEICHNUNG,IDSTUDIENGANG) values ('6','Wirtschaftsinf.','3');
Insert into CURRICULUM_PLANUNG.VERTIEFUNG (IDVERTIEFUNG,BEZEICHNUNG,IDSTUDIENGANG) values ('7','Informatik Master','5');

Insert into CURRICULUM_PLANUNG.VERTIEFUNG_HAT_VERANSTALTUNG (IDVERTIEFUNG,IDVERANSTALTUNG,FACHSEMESTER) values ('3','1001','1');
Insert into CURRICULUM_PLANUNG.VERTIEFUNG_HAT_VERANSTALTUNG (IDVERTIEFUNG,IDVERANSTALTUNG,FACHSEMESTER) values ('4','1001','1');
Insert into CURRICULUM_PLANUNG.VERTIEFUNG_HAT_VERANSTALTUNG (IDVERTIEFUNG,IDVERANSTALTUNG,FACHSEMESTER) values ('5','1001','1');
Insert into CURRICULUM_PLANUNG.VERTIEFUNG_HAT_VERANSTALTUNG (IDVERTIEFUNG,IDVERANSTALTUNG,FACHSEMESTER) values ('6','1001','1');
Insert into CURRICULUM_PLANUNG.VERTIEFUNG_HAT_VERANSTALTUNG (IDVERTIEFUNG,IDVERANSTALTUNG,FACHSEMESTER) values ('1','1002','1');
Insert into CURRICULUM_PLANUNG.VERTIEFUNG_HAT_VERANSTALTUNG (IDVERTIEFUNG,IDVERANSTALTUNG,FACHSEMESTER) values ('2','1002','1');
Insert into CURRICULUM_PLANUNG.VERTIEFUNG_HAT_VERANSTALTUNG (IDVERTIEFUNG,IDVERANSTALTUNG,FACHSEMESTER) values ('3','1002','1');
Insert into CURRICULUM_PLANUNG.VERTIEFUNG_HAT_VERANSTALTUNG (IDVERTIEFUNG,IDVERANSTALTUNG,FACHSEMESTER) values ('4','1002','1');
Insert into CURRICULUM_PLANUNG.VERTIEFUNG_HAT_VERANSTALTUNG (IDVERTIEFUNG,IDVERANSTALTUNG,FACHSEMESTER) values ('5','1002','1');
Insert into CURRICULUM_PLANUNG.VERTIEFUNG_HAT_VERANSTALTUNG (IDVERTIEFUNG,IDVERANSTALTUNG,FACHSEMESTER) values ('1','1003','1');
Insert into CURRICULUM_PLANUNG.VERTIEFUNG_HAT_VERANSTALTUNG (IDVERTIEFUNG,IDVERANSTALTUNG,FACHSEMESTER) values ('2','1003','1');
Insert into CURRICULUM_PLANUNG.VERTIEFUNG_HAT_VERANSTALTUNG (IDVERTIEFUNG,IDVERANSTALTUNG,FACHSEMESTER) values ('3','1003','1');
Insert into CURRICULUM_PLANUNG.VERTIEFUNG_HAT_VERANSTALTUNG (IDVERTIEFUNG,IDVERANSTALTUNG,FACHSEMESTER) values ('4','1003','1');
Insert into CURRICULUM_PLANUNG.VERTIEFUNG_HAT_VERANSTALTUNG (IDVERTIEFUNG,IDVERANSTALTUNG,FACHSEMESTER) values ('5','1003','1');
Insert into CURRICULUM_PLANUNG.VERTIEFUNG_HAT_VERANSTALTUNG (IDVERTIEFUNG,IDVERANSTALTUNG,FACHSEMESTER) values ('6','1003','1');
Insert into CURRICULUM_PLANUNG.VERTIEFUNG_HAT_VERANSTALTUNG (IDVERTIEFUNG,IDVERANSTALTUNG,FACHSEMESTER) values ('1','1004','1');
Insert into CURRICULUM_PLANUNG.VERTIEFUNG_HAT_VERANSTALTUNG (IDVERTIEFUNG,IDVERANSTALTUNG,FACHSEMESTER) values ('2','1004','1');
Insert into CURRICULUM_PLANUNG.VERTIEFUNG_HAT_VERANSTALTUNG (IDVERTIEFUNG,IDVERANSTALTUNG,FACHSEMESTER) values ('3','1004','1');
Insert into CURRICULUM_PLANUNG.VERTIEFUNG_HAT_VERANSTALTUNG (IDVERTIEFUNG,IDVERANSTALTUNG,FACHSEMESTER) values ('4','1004','1');
Insert into CURRICULUM_PLANUNG.VERTIEFUNG_HAT_VERANSTALTUNG (IDVERTIEFUNG,IDVERANSTALTUNG,FACHSEMESTER) values ('5','1004','1');
Insert into CURRICULUM_PLANUNG.VERTIEFUNG_HAT_VERANSTALTUNG (IDVERTIEFUNG,IDVERANSTALTUNG,FACHSEMESTER) values ('1','1005','1');
Insert into CURRICULUM_PLANUNG.VERTIEFUNG_HAT_VERANSTALTUNG (IDVERTIEFUNG,IDVERANSTALTUNG,FACHSEMESTER) values ('2','1005','1');
Insert into CURRICULUM_PLANUNG.VERTIEFUNG_HAT_VERANSTALTUNG (IDVERTIEFUNG,IDVERANSTALTUNG,FACHSEMESTER) values ('3','1005','1');
Insert into CURRICULUM_PLANUNG.VERTIEFUNG_HAT_VERANSTALTUNG (IDVERTIEFUNG,IDVERANSTALTUNG,FACHSEMESTER) values ('4','1005','1');
Insert into CURRICULUM_PLANUNG.VERTIEFUNG_HAT_VERANSTALTUNG (IDVERTIEFUNG,IDVERANSTALTUNG,FACHSEMESTER) values ('5','1005','1');
Insert into CURRICULUM_PLANUNG.VERTIEFUNG_HAT_VERANSTALTUNG (IDVERTIEFUNG,IDVERANSTALTUNG,FACHSEMESTER) values ('6','1005','1');
Insert into CURRICULUM_PLANUNG.VERTIEFUNG_HAT_VERANSTALTUNG (IDVERTIEFUNG,IDVERANSTALTUNG,FACHSEMESTER) values ('1','1006','2');
Insert into CURRICULUM_PLANUNG.VERTIEFUNG_HAT_VERANSTALTUNG (IDVERTIEFUNG,IDVERANSTALTUNG,FACHSEMESTER) values ('2','1006','2');
Insert into CURRICULUM_PLANUNG.VERTIEFUNG_HAT_VERANSTALTUNG (IDVERTIEFUNG,IDVERANSTALTUNG,FACHSEMESTER) values ('3','1006','2');
Insert into CURRICULUM_PLANUNG.VERTIEFUNG_HAT_VERANSTALTUNG (IDVERTIEFUNG,IDVERANSTALTUNG,FACHSEMESTER) values ('4','1006','2');
Insert into CURRICULUM_PLANUNG.VERTIEFUNG_HAT_VERANSTALTUNG (IDVERTIEFUNG,IDVERANSTALTUNG,FACHSEMESTER) values ('5','1006','2');
Insert into CURRICULUM_PLANUNG.VERTIEFUNG_HAT_VERANSTALTUNG (IDVERTIEFUNG,IDVERANSTALTUNG,FACHSEMESTER) values ('6','1006','2');
Insert into CURRICULUM_PLANUNG.VERTIEFUNG_HAT_VERANSTALTUNG (IDVERTIEFUNG,IDVERANSTALTUNG,FACHSEMESTER) values ('1','1007','2');
Insert into CURRICULUM_PLANUNG.VERTIEFUNG_HAT_VERANSTALTUNG (IDVERTIEFUNG,IDVERANSTALTUNG,FACHSEMESTER) values ('2','1007','2');
Insert into CURRICULUM_PLANUNG.VERTIEFUNG_HAT_VERANSTALTUNG (IDVERTIEFUNG,IDVERANSTALTUNG,FACHSEMESTER) values ('3','1007','2');
Insert into CURRICULUM_PLANUNG.VERTIEFUNG_HAT_VERANSTALTUNG (IDVERTIEFUNG,IDVERANSTALTUNG,FACHSEMESTER) values ('4','1007','2');
Insert into CURRICULUM_PLANUNG.VERTIEFUNG_HAT_VERANSTALTUNG (IDVERTIEFUNG,IDVERANSTALTUNG,FACHSEMESTER) values ('5','1007','2');
Insert into CURRICULUM_PLANUNG.VERTIEFUNG_HAT_VERANSTALTUNG (IDVERTIEFUNG,IDVERANSTALTUNG,FACHSEMESTER) values ('1','1008','2');
Insert into CURRICULUM_PLANUNG.VERTIEFUNG_HAT_VERANSTALTUNG (IDVERTIEFUNG,IDVERANSTALTUNG,FACHSEMESTER) values ('2','1008','2');
Insert into CURRICULUM_PLANUNG.VERTIEFUNG_HAT_VERANSTALTUNG (IDVERTIEFUNG,IDVERANSTALTUNG,FACHSEMESTER) values ('3','1008','2');
Insert into CURRICULUM_PLANUNG.VERTIEFUNG_HAT_VERANSTALTUNG (IDVERTIEFUNG,IDVERANSTALTUNG,FACHSEMESTER) values ('4','1008','2');
Insert into CURRICULUM_PLANUNG.VERTIEFUNG_HAT_VERANSTALTUNG (IDVERTIEFUNG,IDVERANSTALTUNG,FACHSEMESTER) values ('5','1008','2');
Insert into CURRICULUM_PLANUNG.VERTIEFUNG_HAT_VERANSTALTUNG (IDVERTIEFUNG,IDVERANSTALTUNG,FACHSEMESTER) values ('6','1008','2');
Insert into CURRICULUM_PLANUNG.VERTIEFUNG_HAT_VERANSTALTUNG (IDVERTIEFUNG,IDVERANSTALTUNG,FACHSEMESTER) values ('1','1009','2');
Insert into CURRICULUM_PLANUNG.VERTIEFUNG_HAT_VERANSTALTUNG (IDVERTIEFUNG,IDVERANSTALTUNG,FACHSEMESTER) values ('2','1009','2');
Insert into CURRICULUM_PLANUNG.VERTIEFUNG_HAT_VERANSTALTUNG (IDVERTIEFUNG,IDVERANSTALTUNG,FACHSEMESTER) values ('3','1009','2');
Insert into CURRICULUM_PLANUNG.VERTIEFUNG_HAT_VERANSTALTUNG (IDVERTIEFUNG,IDVERANSTALTUNG,FACHSEMESTER) values ('4','1009','2');
Insert into CURRICULUM_PLANUNG.VERTIEFUNG_HAT_VERANSTALTUNG (IDVERTIEFUNG,IDVERANSTALTUNG,FACHSEMESTER) values ('5','1009','2');
Insert into CURRICULUM_PLANUNG.VERTIEFUNG_HAT_VERANSTALTUNG (IDVERTIEFUNG,IDVERANSTALTUNG,FACHSEMESTER) values ('6','1009','2');
Insert into CURRICULUM_PLANUNG.VERTIEFUNG_HAT_VERANSTALTUNG (IDVERTIEFUNG,IDVERANSTALTUNG,FACHSEMESTER) values ('1','1010','2');
Insert into CURRICULUM_PLANUNG.VERTIEFUNG_HAT_VERANSTALTUNG (IDVERTIEFUNG,IDVERANSTALTUNG,FACHSEMESTER) values ('2','1010','2');
Insert into CURRICULUM_PLANUNG.VERTIEFUNG_HAT_VERANSTALTUNG (IDVERTIEFUNG,IDVERANSTALTUNG,FACHSEMESTER) values ('3','1010','2');
Insert into CURRICULUM_PLANUNG.VERTIEFUNG_HAT_VERANSTALTUNG (IDVERTIEFUNG,IDVERANSTALTUNG,FACHSEMESTER) values ('4','1010','2');
Insert into CURRICULUM_PLANUNG.VERTIEFUNG_HAT_VERANSTALTUNG (IDVERTIEFUNG,IDVERANSTALTUNG,FACHSEMESTER) values ('5','1010','2');
Insert into CURRICULUM_PLANUNG.VERTIEFUNG_HAT_VERANSTALTUNG (IDVERTIEFUNG,IDVERANSTALTUNG,FACHSEMESTER) values ('5','1011','2');
Insert into CURRICULUM_PLANUNG.VERTIEFUNG_HAT_VERANSTALTUNG (IDVERTIEFUNG,IDVERANSTALTUNG,FACHSEMESTER) values ('4','1012','2');
Insert into CURRICULUM_PLANUNG.VERTIEFUNG_HAT_VERANSTALTUNG (IDVERTIEFUNG,IDVERANSTALTUNG,FACHSEMESTER) values ('3','1013','2');
Insert into CURRICULUM_PLANUNG.VERTIEFUNG_HAT_VERANSTALTUNG (IDVERTIEFUNG,IDVERANSTALTUNG,FACHSEMESTER) values ('2','1014','3');
Insert into CURRICULUM_PLANUNG.VERTIEFUNG_HAT_VERANSTALTUNG (IDVERTIEFUNG,IDVERANSTALTUNG,FACHSEMESTER) values ('6','1014','3');
Insert into CURRICULUM_PLANUNG.VERTIEFUNG_HAT_VERANSTALTUNG (IDVERTIEFUNG,IDVERANSTALTUNG,FACHSEMESTER) values ('1','1015','2');
Insert into CURRICULUM_PLANUNG.VERTIEFUNG_HAT_VERANSTALTUNG (IDVERTIEFUNG,IDVERANSTALTUNG,FACHSEMESTER) values ('2','1015','2');
Insert into CURRICULUM_PLANUNG.VERTIEFUNG_HAT_VERANSTALTUNG (IDVERTIEFUNG,IDVERANSTALTUNG,FACHSEMESTER) values ('1','1016','3');
Insert into CURRICULUM_PLANUNG.VERTIEFUNG_HAT_VERANSTALTUNG (IDVERTIEFUNG,IDVERANSTALTUNG,FACHSEMESTER) values ('2','1016','3');
Insert into CURRICULUM_PLANUNG.VERTIEFUNG_HAT_VERANSTALTUNG (IDVERTIEFUNG,IDVERANSTALTUNG,FACHSEMESTER) values ('3','1016','3');
Insert into CURRICULUM_PLANUNG.VERTIEFUNG_HAT_VERANSTALTUNG (IDVERTIEFUNG,IDVERANSTALTUNG,FACHSEMESTER) values ('4','1016','3');
Insert into CURRICULUM_PLANUNG.VERTIEFUNG_HAT_VERANSTALTUNG (IDVERTIEFUNG,IDVERANSTALTUNG,FACHSEMESTER) values ('5','1016','3');
Insert into CURRICULUM_PLANUNG.VERTIEFUNG_HAT_VERANSTALTUNG (IDVERTIEFUNG,IDVERANSTALTUNG,FACHSEMESTER) values ('1','1017','3');
Insert into CURRICULUM_PLANUNG.VERTIEFUNG_HAT_VERANSTALTUNG (IDVERTIEFUNG,IDVERANSTALTUNG,FACHSEMESTER) values ('2','1017','3');
Insert into CURRICULUM_PLANUNG.VERTIEFUNG_HAT_VERANSTALTUNG (IDVERTIEFUNG,IDVERANSTALTUNG,FACHSEMESTER) values ('3','1017','3');
Insert into CURRICULUM_PLANUNG.VERTIEFUNG_HAT_VERANSTALTUNG (IDVERTIEFUNG,IDVERANSTALTUNG,FACHSEMESTER) values ('4','1017','3');
Insert into CURRICULUM_PLANUNG.VERTIEFUNG_HAT_VERANSTALTUNG (IDVERTIEFUNG,IDVERANSTALTUNG,FACHSEMESTER) values ('5','1017','3');
Insert into CURRICULUM_PLANUNG.VERTIEFUNG_HAT_VERANSTALTUNG (IDVERTIEFUNG,IDVERANSTALTUNG,FACHSEMESTER) values ('6','1017','3');
Insert into CURRICULUM_PLANUNG.VERTIEFUNG_HAT_VERANSTALTUNG (IDVERTIEFUNG,IDVERANSTALTUNG,FACHSEMESTER) values ('1','1018','3');
Insert into CURRICULUM_PLANUNG.VERTIEFUNG_HAT_VERANSTALTUNG (IDVERTIEFUNG,IDVERANSTALTUNG,FACHSEMESTER) values ('2','1018','3');
Insert into CURRICULUM_PLANUNG.VERTIEFUNG_HAT_VERANSTALTUNG (IDVERTIEFUNG,IDVERANSTALTUNG,FACHSEMESTER) values ('3','1018','3');
Insert into CURRICULUM_PLANUNG.VERTIEFUNG_HAT_VERANSTALTUNG (IDVERTIEFUNG,IDVERANSTALTUNG,FACHSEMESTER) values ('4','1018','3');
Insert into CURRICULUM_PLANUNG.VERTIEFUNG_HAT_VERANSTALTUNG (IDVERTIEFUNG,IDVERANSTALTUNG,FACHSEMESTER) values ('5','1018','3');
Insert into CURRICULUM_PLANUNG.VERTIEFUNG_HAT_VERANSTALTUNG (IDVERTIEFUNG,IDVERANSTALTUNG,FACHSEMESTER) values ('6','1018','3');
Insert into CURRICULUM_PLANUNG.VERTIEFUNG_HAT_VERANSTALTUNG (IDVERTIEFUNG,IDVERANSTALTUNG,FACHSEMESTER) values ('1','1019','3');
Insert into CURRICULUM_PLANUNG.VERTIEFUNG_HAT_VERANSTALTUNG (IDVERTIEFUNG,IDVERANSTALTUNG,FACHSEMESTER) values ('2','1019','3');
Insert into CURRICULUM_PLANUNG.VERTIEFUNG_HAT_VERANSTALTUNG (IDVERTIEFUNG,IDVERANSTALTUNG,FACHSEMESTER) values ('3','1019','3');
Insert into CURRICULUM_PLANUNG.VERTIEFUNG_HAT_VERANSTALTUNG (IDVERTIEFUNG,IDVERANSTALTUNG,FACHSEMESTER) values ('4','1019','3');
Insert into CURRICULUM_PLANUNG.VERTIEFUNG_HAT_VERANSTALTUNG (IDVERTIEFUNG,IDVERANSTALTUNG,FACHSEMESTER) values ('5','1019','3');
Insert into CURRICULUM_PLANUNG.VERTIEFUNG_HAT_VERANSTALTUNG (IDVERTIEFUNG,IDVERANSTALTUNG,FACHSEMESTER) values ('6','1019','3');
Insert into CURRICULUM_PLANUNG.VERTIEFUNG_HAT_VERANSTALTUNG (IDVERTIEFUNG,IDVERANSTALTUNG,FACHSEMESTER) values ('1','1020','3');
Insert into CURRICULUM_PLANUNG.VERTIEFUNG_HAT_VERANSTALTUNG (IDVERTIEFUNG,IDVERANSTALTUNG,FACHSEMESTER) values ('2','1020','3');
Insert into CURRICULUM_PLANUNG.VERTIEFUNG_HAT_VERANSTALTUNG (IDVERTIEFUNG,IDVERANSTALTUNG,FACHSEMESTER) values ('3','1020','3');
Insert into CURRICULUM_PLANUNG.VERTIEFUNG_HAT_VERANSTALTUNG (IDVERTIEFUNG,IDVERANSTALTUNG,FACHSEMESTER) values ('4','1020','3');
Insert into CURRICULUM_PLANUNG.VERTIEFUNG_HAT_VERANSTALTUNG (IDVERTIEFUNG,IDVERANSTALTUNG,FACHSEMESTER) values ('5','1020','3');
Insert into CURRICULUM_PLANUNG.VERTIEFUNG_HAT_VERANSTALTUNG (IDVERTIEFUNG,IDVERANSTALTUNG,FACHSEMESTER) values ('1','1021','3');
Insert into CURRICULUM_PLANUNG.VERTIEFUNG_HAT_VERANSTALTUNG (IDVERTIEFUNG,IDVERANSTALTUNG,FACHSEMESTER) values ('5','1022','3');
Insert into CURRICULUM_PLANUNG.VERTIEFUNG_HAT_VERANSTALTUNG (IDVERTIEFUNG,IDVERANSTALTUNG,FACHSEMESTER) values ('4','1023','3');
Insert into CURRICULUM_PLANUNG.VERTIEFUNG_HAT_VERANSTALTUNG (IDVERTIEFUNG,IDVERANSTALTUNG,FACHSEMESTER) values ('3','1024','3');
Insert into CURRICULUM_PLANUNG.VERTIEFUNG_HAT_VERANSTALTUNG (IDVERTIEFUNG,IDVERANSTALTUNG,FACHSEMESTER) values ('1','1025','4');
Insert into CURRICULUM_PLANUNG.VERTIEFUNG_HAT_VERANSTALTUNG (IDVERTIEFUNG,IDVERANSTALTUNG,FACHSEMESTER) values ('2','1025','4');
Insert into CURRICULUM_PLANUNG.VERTIEFUNG_HAT_VERANSTALTUNG (IDVERTIEFUNG,IDVERANSTALTUNG,FACHSEMESTER) values ('3','1025','4');
Insert into CURRICULUM_PLANUNG.VERTIEFUNG_HAT_VERANSTALTUNG (IDVERTIEFUNG,IDVERANSTALTUNG,FACHSEMESTER) values ('4','1025','4');
Insert into CURRICULUM_PLANUNG.VERTIEFUNG_HAT_VERANSTALTUNG (IDVERTIEFUNG,IDVERANSTALTUNG,FACHSEMESTER) values ('5','1025','4');
Insert into CURRICULUM_PLANUNG.VERTIEFUNG_HAT_VERANSTALTUNG (IDVERTIEFUNG,IDVERANSTALTUNG,FACHSEMESTER) values ('1','1026','4');
Insert into CURRICULUM_PLANUNG.VERTIEFUNG_HAT_VERANSTALTUNG (IDVERTIEFUNG,IDVERANSTALTUNG,FACHSEMESTER) values ('2','1026','4');
Insert into CURRICULUM_PLANUNG.VERTIEFUNG_HAT_VERANSTALTUNG (IDVERTIEFUNG,IDVERANSTALTUNG,FACHSEMESTER) values ('3','1026','4');
Insert into CURRICULUM_PLANUNG.VERTIEFUNG_HAT_VERANSTALTUNG (IDVERTIEFUNG,IDVERANSTALTUNG,FACHSEMESTER) values ('4','1026','4');
Insert into CURRICULUM_PLANUNG.VERTIEFUNG_HAT_VERANSTALTUNG (IDVERTIEFUNG,IDVERANSTALTUNG,FACHSEMESTER) values ('5','1026','4');
Insert into CURRICULUM_PLANUNG.VERTIEFUNG_HAT_VERANSTALTUNG (IDVERTIEFUNG,IDVERANSTALTUNG,FACHSEMESTER) values ('6','1026','4');
Insert into CURRICULUM_PLANUNG.VERTIEFUNG_HAT_VERANSTALTUNG (IDVERTIEFUNG,IDVERANSTALTUNG,FACHSEMESTER) values ('1','1027','5');
Insert into CURRICULUM_PLANUNG.VERTIEFUNG_HAT_VERANSTALTUNG (IDVERTIEFUNG,IDVERANSTALTUNG,FACHSEMESTER) values ('2','1027','5');
Insert into CURRICULUM_PLANUNG.VERTIEFUNG_HAT_VERANSTALTUNG (IDVERTIEFUNG,IDVERANSTALTUNG,FACHSEMESTER) values ('3','1027','5');
Insert into CURRICULUM_PLANUNG.VERTIEFUNG_HAT_VERANSTALTUNG (IDVERTIEFUNG,IDVERANSTALTUNG,FACHSEMESTER) values ('4','1027','5');
Insert into CURRICULUM_PLANUNG.VERTIEFUNG_HAT_VERANSTALTUNG (IDVERTIEFUNG,IDVERANSTALTUNG,FACHSEMESTER) values ('5','1027','5');
Insert into CURRICULUM_PLANUNG.VERTIEFUNG_HAT_VERANSTALTUNG (IDVERTIEFUNG,IDVERANSTALTUNG,FACHSEMESTER) values ('2','1028','4');
Insert into CURRICULUM_PLANUNG.VERTIEFUNG_HAT_VERANSTALTUNG (IDVERTIEFUNG,IDVERANSTALTUNG,FACHSEMESTER) values ('2','1029','4');
Insert into CURRICULUM_PLANUNG.VERTIEFUNG_HAT_VERANSTALTUNG (IDVERTIEFUNG,IDVERANSTALTUNG,FACHSEMESTER) values ('1','1030','4');
Insert into CURRICULUM_PLANUNG.VERTIEFUNG_HAT_VERANSTALTUNG (IDVERTIEFUNG,IDVERANSTALTUNG,FACHSEMESTER) values ('5','1030','4');
Insert into CURRICULUM_PLANUNG.VERTIEFUNG_HAT_VERANSTALTUNG (IDVERTIEFUNG,IDVERANSTALTUNG,FACHSEMESTER) values ('1','1031','4');
Insert into CURRICULUM_PLANUNG.VERTIEFUNG_HAT_VERANSTALTUNG (IDVERTIEFUNG,IDVERANSTALTUNG,FACHSEMESTER) values ('5','1031','4');
Insert into CURRICULUM_PLANUNG.VERTIEFUNG_HAT_VERANSTALTUNG (IDVERTIEFUNG,IDVERANSTALTUNG,FACHSEMESTER) values ('4','1032','4');
Insert into CURRICULUM_PLANUNG.VERTIEFUNG_HAT_VERANSTALTUNG (IDVERTIEFUNG,IDVERANSTALTUNG,FACHSEMESTER) values ('4','1033','4');
Insert into CURRICULUM_PLANUNG.VERTIEFUNG_HAT_VERANSTALTUNG (IDVERTIEFUNG,IDVERANSTALTUNG,FACHSEMESTER) values ('3','1034','4');
Insert into CURRICULUM_PLANUNG.VERTIEFUNG_HAT_VERANSTALTUNG (IDVERTIEFUNG,IDVERANSTALTUNG,FACHSEMESTER) values ('3','1035','4');
Insert into CURRICULUM_PLANUNG.VERTIEFUNG_HAT_VERANSTALTUNG (IDVERTIEFUNG,IDVERANSTALTUNG,FACHSEMESTER) values ('2','1036','5');
Insert into CURRICULUM_PLANUNG.VERTIEFUNG_HAT_VERANSTALTUNG (IDVERTIEFUNG,IDVERANSTALTUNG,FACHSEMESTER) values ('6','1036','5');
Insert into CURRICULUM_PLANUNG.VERTIEFUNG_HAT_VERANSTALTUNG (IDVERTIEFUNG,IDVERANSTALTUNG,FACHSEMESTER) values ('2','1037','5');
Insert into CURRICULUM_PLANUNG.VERTIEFUNG_HAT_VERANSTALTUNG (IDVERTIEFUNG,IDVERANSTALTUNG,FACHSEMESTER) values ('2','1038','5');
Insert into CURRICULUM_PLANUNG.VERTIEFUNG_HAT_VERANSTALTUNG (IDVERTIEFUNG,IDVERANSTALTUNG,FACHSEMESTER) values ('1','1039','5');
Insert into CURRICULUM_PLANUNG.VERTIEFUNG_HAT_VERANSTALTUNG (IDVERTIEFUNG,IDVERANSTALTUNG,FACHSEMESTER) values ('1','1040','5');
Insert into CURRICULUM_PLANUNG.VERTIEFUNG_HAT_VERANSTALTUNG (IDVERTIEFUNG,IDVERANSTALTUNG,FACHSEMESTER) values ('1','1041','5');
Insert into CURRICULUM_PLANUNG.VERTIEFUNG_HAT_VERANSTALTUNG (IDVERTIEFUNG,IDVERANSTALTUNG,FACHSEMESTER) values ('6','1041','5');
Insert into CURRICULUM_PLANUNG.VERTIEFUNG_HAT_VERANSTALTUNG (IDVERTIEFUNG,IDVERANSTALTUNG,FACHSEMESTER) values ('5','1042','5');
Insert into CURRICULUM_PLANUNG.VERTIEFUNG_HAT_VERANSTALTUNG (IDVERTIEFUNG,IDVERANSTALTUNG,FACHSEMESTER) values ('5','1043','5');
Insert into CURRICULUM_PLANUNG.VERTIEFUNG_HAT_VERANSTALTUNG (IDVERTIEFUNG,IDVERANSTALTUNG,FACHSEMESTER) values ('5','1044','5');
Insert into CURRICULUM_PLANUNG.VERTIEFUNG_HAT_VERANSTALTUNG (IDVERTIEFUNG,IDVERANSTALTUNG,FACHSEMESTER) values ('4','1045','5');
Insert into CURRICULUM_PLANUNG.VERTIEFUNG_HAT_VERANSTALTUNG (IDVERTIEFUNG,IDVERANSTALTUNG,FACHSEMESTER) values ('4','1046','5');
Insert into CURRICULUM_PLANUNG.VERTIEFUNG_HAT_VERANSTALTUNG (IDVERTIEFUNG,IDVERANSTALTUNG,FACHSEMESTER) values ('4','1047','5');
Insert into CURRICULUM_PLANUNG.VERTIEFUNG_HAT_VERANSTALTUNG (IDVERTIEFUNG,IDVERANSTALTUNG,FACHSEMESTER) values ('3','1047','5');
Insert into CURRICULUM_PLANUNG.VERTIEFUNG_HAT_VERANSTALTUNG (IDVERTIEFUNG,IDVERANSTALTUNG,FACHSEMESTER) values ('3','1048','5');
Insert into CURRICULUM_PLANUNG.VERTIEFUNG_HAT_VERANSTALTUNG (IDVERTIEFUNG,IDVERANSTALTUNG,FACHSEMESTER) values ('3','1049','5');
Insert into CURRICULUM_PLANUNG.VERTIEFUNG_HAT_VERANSTALTUNG (IDVERTIEFUNG,IDVERANSTALTUNG,FACHSEMESTER) values ('6','1050','1');
Insert into CURRICULUM_PLANUNG.VERTIEFUNG_HAT_VERANSTALTUNG (IDVERTIEFUNG,IDVERANSTALTUNG,FACHSEMESTER) values ('6','1051','2');
Insert into CURRICULUM_PLANUNG.VERTIEFUNG_HAT_VERANSTALTUNG (IDVERTIEFUNG,IDVERANSTALTUNG,FACHSEMESTER) values ('6','1052','2');
Insert into CURRICULUM_PLANUNG.VERTIEFUNG_HAT_VERANSTALTUNG (IDVERTIEFUNG,IDVERANSTALTUNG,FACHSEMESTER) values ('6','1053','2');
Insert into CURRICULUM_PLANUNG.VERTIEFUNG_HAT_VERANSTALTUNG (IDVERTIEFUNG,IDVERANSTALTUNG,FACHSEMESTER) values ('6','1054','1');
Insert into CURRICULUM_PLANUNG.VERTIEFUNG_HAT_VERANSTALTUNG (IDVERTIEFUNG,IDVERANSTALTUNG,FACHSEMESTER) values ('6','1055','3');
Insert into CURRICULUM_PLANUNG.VERTIEFUNG_HAT_VERANSTALTUNG (IDVERTIEFUNG,IDVERANSTALTUNG,FACHSEMESTER) values ('6','1056','3');
Insert into CURRICULUM_PLANUNG.VERTIEFUNG_HAT_VERANSTALTUNG (IDVERTIEFUNG,IDVERANSTALTUNG,FACHSEMESTER) values ('6','1057','4');
Insert into CURRICULUM_PLANUNG.VERTIEFUNG_HAT_VERANSTALTUNG (IDVERTIEFUNG,IDVERANSTALTUNG,FACHSEMESTER) values ('6','1058','4');
Insert into CURRICULUM_PLANUNG.VERTIEFUNG_HAT_VERANSTALTUNG (IDVERTIEFUNG,IDVERANSTALTUNG,FACHSEMESTER) values ('6','1059','4');
Insert into CURRICULUM_PLANUNG.VERTIEFUNG_HAT_VERANSTALTUNG (IDVERTIEFUNG,IDVERANSTALTUNG,FACHSEMESTER) values ('6','1060','5');
Insert into CURRICULUM_PLANUNG.VERTIEFUNG_HAT_VERANSTALTUNG (IDVERTIEFUNG,IDVERANSTALTUNG,FACHSEMESTER) values ('6','1061','4');
Insert into CURRICULUM_PLANUNG.VERTIEFUNG_HAT_VERANSTALTUNG (IDVERTIEFUNG,IDVERANSTALTUNG,FACHSEMESTER) values ('6','1062','5');
Insert into CURRICULUM_PLANUNG.VERTIEFUNG_HAT_VERANSTALTUNG (IDVERTIEFUNG,IDVERANSTALTUNG,FACHSEMESTER) values ('7','1063','1');
Insert into CURRICULUM_PLANUNG.VERTIEFUNG_HAT_VERANSTALTUNG (IDVERTIEFUNG,IDVERANSTALTUNG,FACHSEMESTER) values ('7','1064','1');
Insert into CURRICULUM_PLANUNG.VERTIEFUNG_HAT_VERANSTALTUNG (IDVERTIEFUNG,IDVERANSTALTUNG,FACHSEMESTER) values ('7','1065','1');
Insert into CURRICULUM_PLANUNG.VERTIEFUNG_HAT_VERANSTALTUNG (IDVERTIEFUNG,IDVERANSTALTUNG,FACHSEMESTER) values ('7','1066','1');
Insert into CURRICULUM_PLANUNG.VERTIEFUNG_HAT_VERANSTALTUNG (IDVERTIEFUNG,IDVERANSTALTUNG,FACHSEMESTER) values ('7','1067','1');
Insert into CURRICULUM_PLANUNG.VERTIEFUNG_HAT_VERANSTALTUNG (IDVERTIEFUNG,IDVERANSTALTUNG,FACHSEMESTER) values ('7','1068','1');
Insert into CURRICULUM_PLANUNG.VERTIEFUNG_HAT_VERANSTALTUNG (IDVERTIEFUNG,IDVERANSTALTUNG,FACHSEMESTER) values ('7','1069','1');
Insert into CURRICULUM_PLANUNG.VERTIEFUNG_HAT_VERANSTALTUNG (IDVERTIEFUNG,IDVERANSTALTUNG,FACHSEMESTER) values ('7','1070','1');
Insert into CURRICULUM_PLANUNG.VERTIEFUNG_HAT_VERANSTALTUNG (IDVERTIEFUNG,IDVERANSTALTUNG,FACHSEMESTER) values ('7','1071','2');
Insert into CURRICULUM_PLANUNG.VERTIEFUNG_HAT_VERANSTALTUNG (IDVERTIEFUNG,IDVERANSTALTUNG,FACHSEMESTER) values ('7','1072','2');
Insert into CURRICULUM_PLANUNG.VERTIEFUNG_HAT_VERANSTALTUNG (IDVERTIEFUNG,IDVERANSTALTUNG,FACHSEMESTER) values ('7','1073','2');
Insert into CURRICULUM_PLANUNG.VERTIEFUNG_HAT_VERANSTALTUNG (IDVERTIEFUNG,IDVERANSTALTUNG,FACHSEMESTER) values ('7','1074','2');
Insert into CURRICULUM_PLANUNG.VERTIEFUNG_HAT_VERANSTALTUNG (IDVERTIEFUNG,IDVERANSTALTUNG,FACHSEMESTER) values ('7','1075','2');
Insert into CURRICULUM_PLANUNG.VERTIEFUNG_HAT_VERANSTALTUNG (IDVERTIEFUNG,IDVERANSTALTUNG,FACHSEMESTER) values ('7','1076','2');
Insert into CURRICULUM_PLANUNG.VERTIEFUNG_HAT_VERANSTALTUNG (IDVERTIEFUNG,IDVERANSTALTUNG,FACHSEMESTER) values ('7','1077','2');
Insert into CURRICULUM_PLANUNG.VERTIEFUNG_HAT_VERANSTALTUNG (IDVERTIEFUNG,IDVERANSTALTUNG,FACHSEMESTER) values ('7','1078','2');
Insert into CURRICULUM_PLANUNG.VERTIEFUNG_HAT_VERANSTALTUNG (IDVERTIEFUNG,IDVERANSTALTUNG,FACHSEMESTER) values ('7','1079','3');
Insert into CURRICULUM_PLANUNG.VERTIEFUNG_HAT_VERANSTALTUNG (IDVERTIEFUNG,IDVERANSTALTUNG,FACHSEMESTER) values ('7','1080','3');
Insert into CURRICULUM_PLANUNG.VERTIEFUNG_HAT_VERANSTALTUNG (IDVERTIEFUNG,IDVERANSTALTUNG,FACHSEMESTER) values ('7','1081','3');
Insert into CURRICULUM_PLANUNG.VERTIEFUNG_HAT_VERANSTALTUNG (IDVERTIEFUNG,IDVERANSTALTUNG,FACHSEMESTER) values ('7','1082','3');
Insert into CURRICULUM_PLANUNG.VERTIEFUNG_HAT_VERANSTALTUNG (IDVERTIEFUNG,IDVERANSTALTUNG,FACHSEMESTER) values ('7','1083','4');
Insert into CURRICULUM_PLANUNG.VERTIEFUNG_HAT_VERANSTALTUNG (IDVERTIEFUNG,IDVERANSTALTUNG,FACHSEMESTER) values ('7','1084','4');
Insert into CURRICULUM_PLANUNG.VERTIEFUNG_HAT_VERANSTALTUNG (IDVERTIEFUNG,IDVERANSTALTUNG,FACHSEMESTER) values ('7','1085','4');
Insert into CURRICULUM_PLANUNG.VERTIEFUNG_HAT_VERANSTALTUNG (IDVERTIEFUNG,IDVERANSTALTUNG,FACHSEMESTER) values ('7','1086','4');
Insert into CURRICULUM_PLANUNG.VERTIEFUNG_HAT_VERANSTALTUNG (IDVERTIEFUNG,IDVERANSTALTUNG,FACHSEMESTER) values ('7','1087','1');
Insert into CURRICULUM_PLANUNG.VERTIEFUNG_HAT_VERANSTALTUNG (IDVERTIEFUNG,IDVERANSTALTUNG,FACHSEMESTER) values ('7','1088','2');
Insert into CURRICULUM_PLANUNG.VERTIEFUNG_HAT_VERANSTALTUNG (IDVERTIEFUNG,IDVERANSTALTUNG,FACHSEMESTER) values ('1','1001','1');
Insert into CURRICULUM_PLANUNG.VERTIEFUNG_HAT_VERANSTALTUNG (IDVERTIEFUNG,IDVERANSTALTUNG,FACHSEMESTER) values ('2','1001','1');

Insert into CURRICULUM_PLANUNG.ZUORDNUNG_DOZENT_VERANSTALTUNG (IDVERANSTALTUNG,IDDOZENT,ANTEIL_PROZENT) values ('1002','23','0.5');
Insert into CURRICULUM_PLANUNG.ZUORDNUNG_DOZENT_VERANSTALTUNG (IDVERANSTALTUNG,IDDOZENT,ANTEIL_PROZENT) values ('1003','5','0.25');
Insert into CURRICULUM_PLANUNG.ZUORDNUNG_DOZENT_VERANSTALTUNG (IDVERANSTALTUNG,IDDOZENT,ANTEIL_PROZENT) values ('1003','6','0.25');
Insert into CURRICULUM_PLANUNG.ZUORDNUNG_DOZENT_VERANSTALTUNG (IDVERANSTALTUNG,IDDOZENT,ANTEIL_PROZENT) values ('1003','22','0.25');
Insert into CURRICULUM_PLANUNG.ZUORDNUNG_DOZENT_VERANSTALTUNG (IDVERANSTALTUNG,IDDOZENT,ANTEIL_PROZENT) values ('1004','8','0.5');
Insert into CURRICULUM_PLANUNG.ZUORDNUNG_DOZENT_VERANSTALTUNG (IDVERANSTALTUNG,IDDOZENT,ANTEIL_PROZENT) values ('1004','16','0.5');
Insert into CURRICULUM_PLANUNG.ZUORDNUNG_DOZENT_VERANSTALTUNG (IDVERANSTALTUNG,IDDOZENT,ANTEIL_PROZENT) values ('1005','27','1');
Insert into CURRICULUM_PLANUNG.ZUORDNUNG_DOZENT_VERANSTALTUNG (IDVERANSTALTUNG,IDDOZENT,ANTEIL_PROZENT) values ('1006','18','1');
Insert into CURRICULUM_PLANUNG.ZUORDNUNG_DOZENT_VERANSTALTUNG (IDVERANSTALTUNG,IDDOZENT,ANTEIL_PROZENT) values ('1007','1','0.5');
Insert into CURRICULUM_PLANUNG.ZUORDNUNG_DOZENT_VERANSTALTUNG (IDVERANSTALTUNG,IDDOZENT,ANTEIL_PROZENT) values ('1008','5','0.25');
Insert into CURRICULUM_PLANUNG.ZUORDNUNG_DOZENT_VERANSTALTUNG (IDVERANSTALTUNG,IDDOZENT,ANTEIL_PROZENT) values ('1008','6','0.25');
Insert into CURRICULUM_PLANUNG.ZUORDNUNG_DOZENT_VERANSTALTUNG (IDVERANSTALTUNG,IDDOZENT,ANTEIL_PROZENT) values ('1008','22','0.25');
Insert into CURRICULUM_PLANUNG.ZUORDNUNG_DOZENT_VERANSTALTUNG (IDVERANSTALTUNG,IDDOZENT,ANTEIL_PROZENT) values ('1009','22','0.5');
Insert into CURRICULUM_PLANUNG.ZUORDNUNG_DOZENT_VERANSTALTUNG (IDVERANSTALTUNG,IDDOZENT,ANTEIL_PROZENT) values ('1009','21','0.5');
Insert into CURRICULUM_PLANUNG.ZUORDNUNG_DOZENT_VERANSTALTUNG (IDVERANSTALTUNG,IDDOZENT,ANTEIL_PROZENT) values ('1010','27','1');
Insert into CURRICULUM_PLANUNG.ZUORDNUNG_DOZENT_VERANSTALTUNG (IDVERANSTALTUNG,IDDOZENT,ANTEIL_PROZENT) values ('1011','17','1');
Insert into CURRICULUM_PLANUNG.ZUORDNUNG_DOZENT_VERANSTALTUNG (IDVERANSTALTUNG,IDDOZENT,ANTEIL_PROZENT) values ('1012','8','1');
Insert into CURRICULUM_PLANUNG.ZUORDNUNG_DOZENT_VERANSTALTUNG (IDVERANSTALTUNG,IDDOZENT,ANTEIL_PROZENT) values ('1013','2','1');
Insert into CURRICULUM_PLANUNG.ZUORDNUNG_DOZENT_VERANSTALTUNG (IDVERANSTALTUNG,IDDOZENT,ANTEIL_PROZENT) values ('1014','11','1');
Insert into CURRICULUM_PLANUNG.ZUORDNUNG_DOZENT_VERANSTALTUNG (IDVERANSTALTUNG,IDDOZENT,ANTEIL_PROZENT) values ('1015','3','1');
Insert into CURRICULUM_PLANUNG.ZUORDNUNG_DOZENT_VERANSTALTUNG (IDVERANSTALTUNG,IDDOZENT,ANTEIL_PROZENT) values ('1016','16','1');
Insert into CURRICULUM_PLANUNG.ZUORDNUNG_DOZENT_VERANSTALTUNG (IDVERANSTALTUNG,IDDOZENT,ANTEIL_PROZENT) values ('1017','3','1');
Insert into CURRICULUM_PLANUNG.ZUORDNUNG_DOZENT_VERANSTALTUNG (IDVERANSTALTUNG,IDDOZENT,ANTEIL_PROZENT) values ('1018','15','1');
Insert into CURRICULUM_PLANUNG.ZUORDNUNG_DOZENT_VERANSTALTUNG (IDVERANSTALTUNG,IDDOZENT,ANTEIL_PROZENT) values ('1019','4','0.5');
Insert into CURRICULUM_PLANUNG.ZUORDNUNG_DOZENT_VERANSTALTUNG (IDVERANSTALTUNG,IDDOZENT,ANTEIL_PROZENT) values ('1019','20','0.5');
Insert into CURRICULUM_PLANUNG.ZUORDNUNG_DOZENT_VERANSTALTUNG (IDVERANSTALTUNG,IDDOZENT,ANTEIL_PROZENT) values ('1020','21','0.5');
Insert into CURRICULUM_PLANUNG.ZUORDNUNG_DOZENT_VERANSTALTUNG (IDVERANSTALTUNG,IDDOZENT,ANTEIL_PROZENT) values ('1020','18','0.5');
Insert into CURRICULUM_PLANUNG.ZUORDNUNG_DOZENT_VERANSTALTUNG (IDVERANSTALTUNG,IDDOZENT,ANTEIL_PROZENT) values ('1021','15','1');
Insert into CURRICULUM_PLANUNG.ZUORDNUNG_DOZENT_VERANSTALTUNG (IDVERANSTALTUNG,IDDOZENT,ANTEIL_PROZENT) values ('1021','6','0');
Insert into CURRICULUM_PLANUNG.ZUORDNUNG_DOZENT_VERANSTALTUNG (IDVERANSTALTUNG,IDDOZENT,ANTEIL_PROZENT) values ('1022','17','1');
Insert into CURRICULUM_PLANUNG.ZUORDNUNG_DOZENT_VERANSTALTUNG (IDVERANSTALTUNG,IDDOZENT,ANTEIL_PROZENT) values ('1023','10','1');
Insert into CURRICULUM_PLANUNG.ZUORDNUNG_DOZENT_VERANSTALTUNG (IDVERANSTALTUNG,IDDOZENT,ANTEIL_PROZENT) values ('1024','1','1');
Insert into CURRICULUM_PLANUNG.ZUORDNUNG_DOZENT_VERANSTALTUNG (IDVERANSTALTUNG,IDDOZENT,ANTEIL_PROZENT) values ('1025','8','1');
Insert into CURRICULUM_PLANUNG.ZUORDNUNG_DOZENT_VERANSTALTUNG (IDVERANSTALTUNG,IDDOZENT,ANTEIL_PROZENT) values ('1026','6','0.333333333');
Insert into CURRICULUM_PLANUNG.ZUORDNUNG_DOZENT_VERANSTALTUNG (IDVERANSTALTUNG,IDDOZENT,ANTEIL_PROZENT) values ('1026','8','0.666666667');
Insert into CURRICULUM_PLANUNG.ZUORDNUNG_DOZENT_VERANSTALTUNG (IDVERANSTALTUNG,IDDOZENT,ANTEIL_PROZENT) values ('1027','16','1');
Insert into CURRICULUM_PLANUNG.ZUORDNUNG_DOZENT_VERANSTALTUNG (IDVERANSTALTUNG,IDDOZENT,ANTEIL_PROZENT) values ('1028','5','1');
Insert into CURRICULUM_PLANUNG.ZUORDNUNG_DOZENT_VERANSTALTUNG (IDVERANSTALTUNG,IDDOZENT,ANTEIL_PROZENT) values ('1029','20','1');
Insert into CURRICULUM_PLANUNG.ZUORDNUNG_DOZENT_VERANSTALTUNG (IDVERANSTALTUNG,IDDOZENT,ANTEIL_PROZENT) values ('1030','15','1');
Insert into CURRICULUM_PLANUNG.ZUORDNUNG_DOZENT_VERANSTALTUNG (IDVERANSTALTUNG,IDDOZENT,ANTEIL_PROZENT) values ('1031','22','1');
Insert into CURRICULUM_PLANUNG.ZUORDNUNG_DOZENT_VERANSTALTUNG (IDVERANSTALTUNG,IDDOZENT,ANTEIL_PROZENT) values ('1032','8','1');
Insert into CURRICULUM_PLANUNG.ZUORDNUNG_DOZENT_VERANSTALTUNG (IDVERANSTALTUNG,IDDOZENT,ANTEIL_PROZENT) values ('1033','8','1');
Insert into CURRICULUM_PLANUNG.ZUORDNUNG_DOZENT_VERANSTALTUNG (IDVERANSTALTUNG,IDDOZENT,ANTEIL_PROZENT) values ('1034','2','1');
Insert into CURRICULUM_PLANUNG.ZUORDNUNG_DOZENT_VERANSTALTUNG (IDVERANSTALTUNG,IDDOZENT,ANTEIL_PROZENT) values ('1035','9','1');
Insert into CURRICULUM_PLANUNG.ZUORDNUNG_DOZENT_VERANSTALTUNG (IDVERANSTALTUNG,IDDOZENT,ANTEIL_PROZENT) values ('1036','4','1');
Insert into CURRICULUM_PLANUNG.ZUORDNUNG_DOZENT_VERANSTALTUNG (IDVERANSTALTUNG,IDDOZENT,ANTEIL_PROZENT) values ('1037','5','1');
Insert into CURRICULUM_PLANUNG.ZUORDNUNG_DOZENT_VERANSTALTUNG (IDVERANSTALTUNG,IDDOZENT,ANTEIL_PROZENT) values ('1038','5','1');
Insert into CURRICULUM_PLANUNG.ZUORDNUNG_DOZENT_VERANSTALTUNG (IDVERANSTALTUNG,IDDOZENT,ANTEIL_PROZENT) values ('1039','6','0');
Insert into CURRICULUM_PLANUNG.ZUORDNUNG_DOZENT_VERANSTALTUNG (IDVERANSTALTUNG,IDDOZENT,ANTEIL_PROZENT) values ('1039','15','0.5');
Insert into CURRICULUM_PLANUNG.ZUORDNUNG_DOZENT_VERANSTALTUNG (IDVERANSTALTUNG,IDDOZENT,ANTEIL_PROZENT) values ('1039','16','0.5');
Insert into CURRICULUM_PLANUNG.ZUORDNUNG_DOZENT_VERANSTALTUNG (IDVERANSTALTUNG,IDDOZENT,ANTEIL_PROZENT) values ('1040','6','1');
Insert into CURRICULUM_PLANUNG.ZUORDNUNG_DOZENT_VERANSTALTUNG (IDVERANSTALTUNG,IDDOZENT,ANTEIL_PROZENT) values ('1041','3','1');
Insert into CURRICULUM_PLANUNG.ZUORDNUNG_DOZENT_VERANSTALTUNG (IDVERANSTALTUNG,IDDOZENT,ANTEIL_PROZENT) values ('1042','7','1');
Insert into CURRICULUM_PLANUNG.ZUORDNUNG_DOZENT_VERANSTALTUNG (IDVERANSTALTUNG,IDDOZENT,ANTEIL_PROZENT) values ('1043','7','1');
Insert into CURRICULUM_PLANUNG.ZUORDNUNG_DOZENT_VERANSTALTUNG (IDVERANSTALTUNG,IDDOZENT,ANTEIL_PROZENT) values ('1044','2','1');
Insert into CURRICULUM_PLANUNG.ZUORDNUNG_DOZENT_VERANSTALTUNG (IDVERANSTALTUNG,IDDOZENT,ANTEIL_PROZENT) values ('1045','12','1');
Insert into CURRICULUM_PLANUNG.ZUORDNUNG_DOZENT_VERANSTALTUNG (IDVERANSTALTUNG,IDDOZENT,ANTEIL_PROZENT) values ('1046','12','1');
Insert into CURRICULUM_PLANUNG.ZUORDNUNG_DOZENT_VERANSTALTUNG (IDVERANSTALTUNG,IDDOZENT,ANTEIL_PROZENT) values ('1047','9','1');
Insert into CURRICULUM_PLANUNG.ZUORDNUNG_DOZENT_VERANSTALTUNG (IDVERANSTALTUNG,IDDOZENT,ANTEIL_PROZENT) values ('1048','1','1');
Insert into CURRICULUM_PLANUNG.ZUORDNUNG_DOZENT_VERANSTALTUNG (IDVERANSTALTUNG,IDDOZENT,ANTEIL_PROZENT) values ('1049','6','0');
Insert into CURRICULUM_PLANUNG.ZUORDNUNG_DOZENT_VERANSTALTUNG (IDVERANSTALTUNG,IDDOZENT,ANTEIL_PROZENT) values ('1050','26','1');
Insert into CURRICULUM_PLANUNG.ZUORDNUNG_DOZENT_VERANSTALTUNG (IDVERANSTALTUNG,IDDOZENT,ANTEIL_PROZENT) values ('1051','26','1');
Insert into CURRICULUM_PLANUNG.ZUORDNUNG_DOZENT_VERANSTALTUNG (IDVERANSTALTUNG,IDDOZENT,ANTEIL_PROZENT) values ('1052','3','1');
Insert into CURRICULUM_PLANUNG.ZUORDNUNG_DOZENT_VERANSTALTUNG (IDVERANSTALTUNG,IDDOZENT,ANTEIL_PROZENT) values ('1053','4','1');
Insert into CURRICULUM_PLANUNG.ZUORDNUNG_DOZENT_VERANSTALTUNG (IDVERANSTALTUNG,IDDOZENT,ANTEIL_PROZENT) values ('1054','4','1');
Insert into CURRICULUM_PLANUNG.ZUORDNUNG_DOZENT_VERANSTALTUNG (IDVERANSTALTUNG,IDDOZENT,ANTEIL_PROZENT) values ('1055','26','1');
Insert into CURRICULUM_PLANUNG.ZUORDNUNG_DOZENT_VERANSTALTUNG (IDVERANSTALTUNG,IDDOZENT,ANTEIL_PROZENT) values ('1056','26','1');
Insert into CURRICULUM_PLANUNG.ZUORDNUNG_DOZENT_VERANSTALTUNG (IDVERANSTALTUNG,IDDOZENT,ANTEIL_PROZENT) values ('1057','26','1');
Insert into CURRICULUM_PLANUNG.ZUORDNUNG_DOZENT_VERANSTALTUNG (IDVERANSTALTUNG,IDDOZENT,ANTEIL_PROZENT) values ('1058','26','1');
Insert into CURRICULUM_PLANUNG.ZUORDNUNG_DOZENT_VERANSTALTUNG (IDVERANSTALTUNG,IDDOZENT,ANTEIL_PROZENT) values ('1059','5','1');
Insert into CURRICULUM_PLANUNG.ZUORDNUNG_DOZENT_VERANSTALTUNG (IDVERANSTALTUNG,IDDOZENT,ANTEIL_PROZENT) values ('1060','26','1');
Insert into CURRICULUM_PLANUNG.ZUORDNUNG_DOZENT_VERANSTALTUNG (IDVERANSTALTUNG,IDDOZENT,ANTEIL_PROZENT) values ('1061','4','1');
Insert into CURRICULUM_PLANUNG.ZUORDNUNG_DOZENT_VERANSTALTUNG (IDVERANSTALTUNG,IDDOZENT,ANTEIL_PROZENT) values ('1062','26','1');
Insert into CURRICULUM_PLANUNG.ZUORDNUNG_DOZENT_VERANSTALTUNG (IDVERANSTALTUNG,IDDOZENT,ANTEIL_PROZENT) values ('1001','18','1');
Insert into CURRICULUM_PLANUNG.ZUORDNUNG_DOZENT_VERANSTALTUNG (IDVERANSTALTUNG,IDDOZENT,ANTEIL_PROZENT) values ('1002','12','0.5');

  CREATE UNIQUE INDEX `STUDIENGANG_PK` ON `CURRICULUM_PLANUNG`.`STUDIENGANG` (`IDSTUDIENGANG`) 
  ;


  CREATE UNIQUE INDEX `ZUORDNUNG_PK` ON `CURRICULUM_PLANUNG`.`ZUORDNUNG_DOZENT_VERANSTALTUNG` (`IDVERANSTALTUNG`, `IDDOZENT`) 
  ;


  CREATE UNIQUE INDEX `DOZENT_PK` ON `CURRICULUM_PLANUNG`.`DOZENT` (`IDDOZENT`) 
  ;

  CREATE UNIQUE INDEX `VTR_VL_PK` ON `CURRICULUM_PLANUNG`.`VERTIEFUNG_HAT_VERANSTALTUNG` (`IDVERTIEFUNG`, `IDVERANSTALTUNG`) 
  ;

  CREATE UNIQUE INDEX `VERANSTALTUNG_PK` ON `CURRICULUM_PLANUNG`.`VERANSTALTUNG` (`IDVERANSTALTUNG`) 
  ;

  CREATE UNIQUE INDEX `VTR_PK` ON `CURRICULUM_PLANUNG`.`VERTIEFUNG` (`IDVERTIEFUNG`) 
  ;


  ALTER TABLE `CURRICULUM_PLANUNG`.`DOZENT` ADD CONSTRAINT `DOZENT_PK` PRIMARY KEY (`IDDOZENT`);
  ALTER TABLE `CURRICULUM_PLANUNG`.`DOZENT` MODIFY `IDDOZENT` int NOT NULL;

  ALTER TABLE `CURRICULUM_PLANUNG`.`STUDIENGANG` ADD CONSTRAINT `STUDIENGANG_PK` PRIMARY KEY (`IDSTUDIENGANG`);
  ALTER TABLE `CURRICULUM_PLANUNG`.`STUDIENGANG` MODIFY `IDSTUDIENGANG` int NOT NULL;

  ALTER TABLE `CURRICULUM_PLANUNG`.`ZUORDNUNG_DOZENT_VERANSTALTUNG` ADD CONSTRAINT `ZUORDNUNG_PK` PRIMARY KEY (`IDVERANSTALTUNG`, `IDDOZENT`);
  ALTER TABLE `CURRICULUM_PLANUNG`.`ZUORDNUNG_DOZENT_VERANSTALTUNG` MODIFY `IDDOZENT` int NOT NULL;
  ALTER TABLE `CURRICULUM_PLANUNG`.`ZUORDNUNG_DOZENT_VERANSTALTUNG` MODIFY `IDVERANSTALTUNG` int NOT NULL;

  ALTER TABLE `CURRICULUM_PLANUNG`.`VERTIEFUNG_HAT_VERANSTALTUNG` ADD CONSTRAINT `VTR_VL_PK` PRIMARY KEY (`IDVERTIEFUNG`, `IDVERANSTALTUNG`);
  ALTER TABLE `CURRICULUM_PLANUNG`.`VERTIEFUNG_HAT_VERANSTALTUNG` MODIFY `IDVERANSTALTUNG` int NOT NULL;
  ALTER TABLE `CURRICULUM_PLANUNG`.`VERTIEFUNG_HAT_VERANSTALTUNG` MODIFY `IDVERTIEFUNG` int NOT NULL;

  ALTER TABLE `CURRICULUM_PLANUNG`.`VERANSTALTUNG` ADD CONSTRAINT `VERANSTALTUNG_PK` PRIMARY KEY (`IDVERANSTALTUNG`);
  ALTER TABLE `CURRICULUM_PLANUNG`.`VERANSTALTUNG` MODIFY `BEZEICHNUNG` VARCHAR(60) NOT NULL;
  ALTER TABLE `CURRICULUM_PLANUNG`.`VERANSTALTUNG` MODIFY `IDVERANSTALTUNG` int NOT NULL;

  ALTER TABLE `CURRICULUM_PLANUNG`.`VERTIEFUNG` ADD CONSTRAINT `VTR_PK` PRIMARY KEY (`IDVERTIEFUNG`);
  ALTER TABLE `CURRICULUM_PLANUNG`.`VERTIEFUNG` MODIFY `IDSTUDIENGANG` int NOT NULL;
  ALTER TABLE `CURRICULUM_PLANUNG`.`VERTIEFUNG` MODIFY `IDVERTIEFUNG` int NOT NULL;

  ALTER TABLE `CURRICULUM_PLANUNG`.`VERTIEFUNG` ADD CONSTRAINT `VTR_STG_FK` FOREIGN KEY (`IDSTUDIENGANG`)
	  REFERENCES `CURRICULUM_PLANUNG`.`STUDIENGANG` (`IDSTUDIENGANG`);


  ALTER TABLE `CURRICULUM_PLANUNG`.`VERTIEFUNG_HAT_VERANSTALTUNG` ADD CONSTRAINT `FK_VL` FOREIGN KEY (`IDVERANSTALTUNG`)
	  REFERENCES `CURRICULUM_PLANUNG`.`VERANSTALTUNG` (`IDVERANSTALTUNG`);
  ALTER TABLE `CURRICULUM_PLANUNG`.`VERTIEFUNG_HAT_VERANSTALTUNG` ADD CONSTRAINT `FK_VTR` FOREIGN KEY (`IDVERTIEFUNG`)
	  REFERENCES `CURRICULUM_PLANUNG`.`VERTIEFUNG` (`IDVERTIEFUNG`);


  ALTER TABLE `CURRICULUM_PLANUNG`.`ZUORDNUNG_DOZENT_VERANSTALTUNG` ADD CONSTRAINT `FK_ASS_6` FOREIGN KEY (`IDVERANSTALTUNG`)
	  REFERENCES `CURRICULUM_PLANUNG`.`VERANSTALTUNG` (`IDVERANSTALTUNG`);
  ALTER TABLE `CURRICULUM_PLANUNG`.`ZUORDNUNG_DOZENT_VERANSTALTUNG` ADD CONSTRAINT `FK_ASS_7` FOREIGN KEY (`IDDOZENT`)
	  REFERENCES `CURRICULUM_PLANUNG`.`DOZENT` (`IDDOZENT`);
  DELIMITER //
  
  DROP TRIGGER IF EXISTS `CURRICULUM_PLANUNG`.`BESTIMMEKOSTEN_INSERT` //
  
  CREATE TRIGGER `CURRICULUM_PLANUNG`.`BESTIMMEKOSTEN_INSERT` 
    BEFORE INSERT ON `CURRICULUM_PLANUNG`.VERANSTALTUNG
    FOR EACH ROW
        BEGIN
            SET NEW.Kosten_PA = NEW.HAEUFIGKEIT_PA * NEW.SWS * NEW.FAKTOR_DOPPELUNG; 
        END;
    //
  
  DROP TRIGGER IF EXISTS `CURRICULUM_PLANUNG`.`BESTIMMEKOSTEN_UPDATE` //
  
  CREATE TRIGGER `CURRICULUM_PLANUNG`.`BESTIMMEKOSTEN_UPDATE` 
    BEFORE UPDATE ON `CURRICULUM_PLANUNG`.VERANSTALTUNG
    FOR EACH ROW
        BEGIN
            SET NEW.Kosten_PA = NEW.HAEUFIGKEIT_PA * NEW.SWS * NEW.FAKTOR_DOPPELUNG; 
        END;
    //
    
  DELIMITER ;

